roi_id,roi_name,effective_n,S_obs,p_raw,p_holm,significant,contrast,hrf_model,data_quality_status,inference_status,monte_carlo_near_threshold
1,Parcel_001,410,375.584326722752,0.001,0.489,0,Body_LoadDiff_vs_Face_LoadDiff,sHRF,ok,non-inferential_smoke-test,0
2,Parcel_002,410,712.356620756759,0.001,0.489,0,Body_LoadDiff_vs_Face_LoadDiff,sHRF,ok,non-inferential_smoke-test,0
3,Parcel_003,410,135.942222402336,0.006,1,0,Body_LoadDiff_vs_Face_LoadDiff,sHRF,ok,non-inferential_smoke-test,0
4,Parcel_004,410,85.6687130988741,0.042,1,0,Body_LoadDiff_vs_Face_LoadDiff,sHRF,ok,non-inferential_smoke-test,0
5,Parcel_005,410,119.261564168428,0.015,1,0,Body_LoadDiff_vs_Face_LoadDiff,sHRF,ok,non-inferential_smoke-test,0
6,Parcel_006,410,141.220873388569,0.007,1,0,Body_LoadDiff_vs_Face_LoadDiff,sHRF,ok,non-inferential_smoke-test,0
7,Parcel_007,410,299.332286100647,0.001,0.489,0,Body_LoadDiff_vs_Face_LoadDiff,sHRF,ok,non-inferential_smoke-test,0
8,Parcel_008,410,554.733157983636,0.001,0.489,0,Body_LoadDiff_vs_Face_LoadDiff,sHRF,ok,non-inferential_smoke-test,0
9,Parcel_009,410,225.617952382206,0.002,0.686,0,Body_LoadDiff_vs_Face_LoadDiff,sHRF,ok,non-inferential_smoke-test,0
10,Parcel_010,410,314.734056979583,0.001,0.489,0,Body_LoadDiff_vs_Face_LoadDiff,sHRF,ok,non-inferential_smoke-test,0
11,Parcel_011,410,272.697063314516,0.001,0.489,0,Body_LoadDiff_vs_Face_LoadDiff,sHRF,ok,non-inferential_smoke-test,0
12,Parcel_012,410,499.615961122233,0.001,0.489,0,Body_LoadDiff_vs_Face_LoadDiff,sHRF,ok,non-inferential_smoke-test,0
13,Parcel_013,410,257.426839478721,0.001,0.489,0,Body_LoadDiff_vs_Face_LoadDiff,sHRF,ok,non-inferential_smoke-test,0
14,Parcel_014,410,572.970961827494,0.001,0.489,0,Body_LoadDiff_vs_Face_LoadDiff,sHRF,ok,non-inferential_smoke-test,0
15,Parcel_015,410,414.854553788976,0.001,0.489,0,Body_LoadDiff_vs_Face_LoadDiff,sHRF,ok,non-inferential_smoke-test,0
16,Parcel_016,410,305.077247087236,0.001,0.489,0,Body_LoadDiff_vs_Face_LoadDiff,sHRF,ok,non-inferential_smoke-test,0
17,Parcel_017,410,534.353338087101,0.001,0.489,0,Body_LoadDiff_vs_Face_LoadDiff,sHRF,ok,non-inferential_smoke-test,0
18,Parcel_018,410,477.902158492279,0.001,0.489,0,Body_LoadDiff_vs_Face_LoadDiff,sHRF,ok,non-inferential_smoke-test,0
19,Parcel_019,410,256.959823768488,0.001,0.489,0,Body_LoadDiff_vs_Face_LoadDiff,sHRF,ok,non-inferential_smoke-test,0
20,Parcel_020,410,126.833256164604,0.011,1,0,Body_LoadDiff_vs_Face_LoadDiff,sHRF,ok,non-inferential_smoke-test,0
21,Parcel_021,410,205.604401020116,0.001,0.489,0,Body_LoadDiff_vs_Face_LoadDiff,sHRF,ok,non-inferential_smoke-test,0
22,Parcel_022,410,92.0606332309067,0.048,1,0,Body_LoadDiff_vs_Face_LoadDiff,sHRF,ok,non-inferential_smoke-test,0
23,Parcel_023,410,206.685318596612,0.001,0.489,0,Body_LoadDiff_vs_Face_LoadDiff,sHRF,ok,non-inferential_smoke-test,0
24,Parcel_024,410,126.191992472937,0.007,1,0,Body_LoadDiff_vs_Face_LoadDiff,sHRF,ok,non-inferential_smoke-test,0
25,Parcel_025,410,240.6385681586,0.001,0.489,0,Body_LoadDiff_vs_Face_LoadDiff,sHRF,ok,non-inferential_smoke-test,0
26,Parcel_026,410,260.40353849018,0.001,0.489,0,Body_LoadDiff_vs_Face_LoadDiff,sHRF,ok,non-inferential_smoke-test,0
27,Parcel_027,410,108.252376774367,0.015,1,0,Body_LoadDiff_vs_Face_LoadDiff,sHRF,ok,non-inferential_smoke-test,0
28,Parcel_028,410,186.383208446,0.001,0.489,0,Body_LoadDiff_vs_Face_LoadDiff,sHRF,ok,non-inferential_smoke-test,0
29,Parcel_029,410,463.201033130008,0.001,0.489,0,Body_LoadDiff_vs_Face_LoadDiff,sHRF,ok,non-inferential_smoke-test,0
30,Parcel_030,410,591.588818329368,0.001,0.489,0,Body_LoadDiff_vs_Face_LoadDiff,sHRF,ok,non-inferential_smoke-test,0
31,Parcel_031,410,482.29987974522,0.001,0.489,0,Body_LoadDiff_vs_Face_LoadDiff,sHRF,ok,non-inferential_smoke-test,0
32,Parcel_032,410,412.410077349506,0.001,0.489,0,Body_LoadDiff_vs_Face_LoadDiff,sHRF,ok,non-inferential_smoke-test,0
33,Parcel_033,410,284.818599982376,0.001,0.489,0,Body_LoadDiff_vs_Face_LoadDiff,sHRF,ok,non-inferential_smoke-test,0
34,Parcel_034,410,83.8440314576443,0.06,1,0,Body_LoadDiff_vs_Face_LoadDiff,sHRF,ok,non-inferential_smoke-test,0
35,Parcel_035,410,241.84322353609,0.001,0.489,0,Body_LoadDiff_vs_Face_LoadDiff,sHRF,ok,non-inferential_smoke-test,0
36,Parcel_036,410,382.057972925737,0.001,0.489,0,Body_LoadDiff_vs_Face_LoadDiff,sHRF,ok,non-inferential_smoke-test,0
37,Parcel_037,410,234.602420352689,0.001,0.489,0,Body_LoadDiff_vs_Face_LoadDiff,sHRF,ok,non-inferential_smoke-test,0
38,Parcel_038,410,241.877830230994,0.001,0.489,0,Body_LoadDiff_vs_Face_LoadDiff,sHRF,ok,non-inferential_smoke-test,0
39,Parcel_039,410,156.205305200334,0.002,0.686,0,Body_LoadDiff_vs_Face_LoadDiff,sHRF,ok,non-inferential_smoke-test,0
40,Parcel_040,410,364.378413019725,0.001,0.489,0,Body_LoadDiff_vs_Face_LoadDiff,sHRF,ok,non-inferential_smoke-test,0
41,Parcel_041,410,75.3662065280988,0.081,1,0,Body_LoadDiff_vs_Face_LoadDiff,sHRF,ok,non-inferential_smoke-test,0
42,Parcel_042,410,272.665073263431,0.001,0.489,0,Body_LoadDiff_vs_Face_LoadDiff,sHRF,ok,non-inferential_smoke-test,0
43,Parcel_043,410,120.916140578625,0.012,1,0,Body_LoadDiff_vs_Face_LoadDiff,sHRF,ok,non-inferential_smoke-test,0
44,Parcel_044,410,308.356790959794,0.001,0.489,0,Body_LoadDiff_vs_Face_LoadDiff,sHRF,ok,non-inferential_smoke-test,0
45,Parcel_045,410,198.33566464225,0.002,0.686,0,Body_LoadDiff_vs_Face_LoadDiff,sHRF,ok,non-inferential_smoke-test,0
46,Parcel_046,410,231.565327072217,0.001,0.489,0,Body_LoadDiff_vs_Face_LoadDiff,sHRF,ok,non-inferential_smoke-test,0
47,Parcel_047,410,95.3414316882751,0.03,1,0,Body_LoadDiff_vs_Face_LoadDiff,sHRF,ok,non-inferential_smoke-test,0
48,Parcel_048,410,96.892181589398,0.028,1,0,Body_LoadDiff_vs_Face_LoadDiff,sHRF,ok,non-inferential_smoke-test,0
49,Parcel_049,410,228.242180416128,0.002,0.686,0,Body_LoadDiff_vs_Face_LoadDiff,sHRF,ok,non-inferential_smoke-test,0
50,Parcel_050,410,182.396286493432,0.001,0.489,0,Body_LoadDiff_vs_Face_LoadDiff,sHRF,ok,non-inferential_smoke-test,0
51,Parcel_051,410,242.179197054588,0.001,0.489,0,Body_LoadDiff_vs_Face_LoadDiff,sHRF,ok,non-inferential_smoke-test,0
52,Parcel_052,410,181.769426336105,0.002,0.686,0,Body_LoadDiff_vs_Face_LoadDiff,sHRF,ok,non-inferential_smoke-test,0
53,Parcel_053,410,23.6268949732897,0.765,1,0,Body_LoadDiff_vs_Face_LoadDiff,sHRF,ok,non-inferential_smoke-test,0
54,Parcel_054,410,52.4112896703923,0.25,1,0,Body_LoadDiff_vs_Face_LoadDiff,sHRF,ok,non-inferential_smoke-test,0
55,Parcel_055,410,204.263091952764,0.001,0.489,0,Body_LoadDiff_vs_Face_LoadDiff,sHRF,ok,non-inferential_smoke-test,0
56,Parcel_056,410,168.809230578823,0.003,0.933,0,Body_LoadDiff_vs_Face_LoadDiff,sHRF,ok,non-inferential_smoke-test,0
57,Parcel_057,410,200.982989880663,0.002,0.686,0,Body_LoadDiff_vs_Face_LoadDiff,sHRF,ok,non-inferential_smoke-test,0
58,Parcel_058,410,175.138324109228,0.002,0.686,0,Body_LoadDiff_vs_Face_LoadDiff,sHRF,ok,non-inferential_smoke-test,0
59,Parcel_059,410,106.562498178647,0.025,1,0,Body_LoadDiff_vs_Face_LoadDiff,sHRF,ok,non-inferential_smoke-test,0
60,Parcel_060,410,123.94604706009,0.006,1,0,Body_LoadDiff_vs_Face_LoadDiff,sHRF,ok,non-inferential_smoke-test,0
61,Parcel_061,410,152.405517468893,0.002,0.686,0,Body_LoadDiff_vs_Face_LoadDiff,sHRF,ok,non-inferential_smoke-test,0
62,Parcel_062,410,84.5613426972113,0.042,1,0,Body_LoadDiff_vs_Face_LoadDiff,sHRF,ok,non-inferential_smoke-test,0
63,Parcel_063,410,198.594570924447,0.001,0.489,0,Body_LoadDiff_vs_Face_LoadDiff,sHRF,ok,non-inferential_smoke-test,0
64,Parcel_064,410,520.769516332926,0.001,0.489,0,Body_LoadDiff_vs_Face_LoadDiff,sHRF,ok,non-inferential_smoke-test,0
65,Parcel_065,410,133.552688954521,0.001,0.489,0,Body_LoadDiff_vs_Face_LoadDiff,sHRF,ok,non-inferential_smoke-test,0
66,Parcel_066,410,204.648808379533,0.001,0.489,0,Body_LoadDiff_vs_Face_LoadDiff,sHRF,ok,non-inferential_smoke-test,0
67,Parcel_067,410,351.097719709299,0.001,0.489,0,Body_LoadDiff_vs_Face_LoadDiff,sHRF,ok,non-inferential_smoke-test,0
68,Parcel_068,410,345.951770777392,0.001,0.489,0,Body_LoadDiff_vs_Face_LoadDiff,sHRF,ok,non-inferential_smoke-test,0
69,Parcel_069,410,273.544537212569,0.001,0.489,0,Body_LoadDiff_vs_Face_LoadDiff,sHRF,ok,non-inferential_smoke-test,0
70,Parcel_070,410,134.916872906337,0.004,1,0,Body_LoadDiff_vs_Face_LoadDiff,sHRF,ok,non-inferential_smoke-test,0
71,Parcel_071,410,134.348040408376,0.005,1,0,Body_LoadDiff_vs_Face_LoadDiff,sHRF,ok,non-inferential_smoke-test,0
72,Parcel_072,410,294.234162718037,0.001,0.489,0,Body_LoadDiff_vs_Face_LoadDiff,sHRF,ok,non-inferential_smoke-test,0
73,Parcel_073,410,55.9103853250908,0.228,1,0,Body_LoadDiff_vs_Face_LoadDiff,sHRF,ok,non-inferential_smoke-test,0
74,Parcel_074,410,153.517097873184,0.004,1,0,Body_LoadDiff_vs_Face_LoadDiff,sHRF,ok,non-inferential_smoke-test,0
75,Parcel_075,410,157.407847820093,0.003,0.933,0,Body_LoadDiff_vs_Face_LoadDiff,sHRF,ok,non-inferential_smoke-test,0
76,Parcel_076,410,118.393061359975,0.015,1,0,Body_LoadDiff_vs_Face_LoadDiff,sHRF,ok,non-inferential_smoke-test,0
77,Parcel_077,410,82.203317717181,0.055,1,0,Body_LoadDiff_vs_Face_LoadDiff,sHRF,ok,non-inferential_smoke-test,0
78,Parcel_078,410,88.8488769618352,0.04,1,0,Body_LoadDiff_vs_Face_LoadDiff,sHRF,ok,non-inferential_smoke-test,0
79,Parcel_079,410,94.4941382277127,0.028,1,0,Body_LoadDiff_vs_Face_LoadDiff,sHRF,ok,non-inferential_smoke-test,0
80,Parcel_080,410,205.75212417487,0.001,0.489,0,Body_LoadDiff_vs_Face_LoadDiff,sHRF,ok,non-inferential_smoke-test,0
81,Parcel_081,410,68.5386257888879,0.104,1,0,Body_LoadDiff_vs_Face_LoadDiff,sHRF,ok,non-inferential_smoke-test,0
82,Parcel_082,410,119.16019883099,0.016,1,0,Body_LoadDiff_vs_Face_LoadDiff,sHRF,ok,non-inferential_smoke-test,0
83,Parcel_083,410,65.1495827370219,0.14,1,0,Body_LoadDiff_vs_Face_LoadDiff,sHRF,ok,non-inferential_smoke-test,0
84,Parcel_084,410,41.9243286513886,0.403,1,0,Body_LoadDiff_vs_Face_LoadDiff,sHRF,ok,non-inferential_smoke-test,0
85,Parcel_085,410,169.340590000769,0.001,0.489,0,Body_LoadDiff_vs_Face_LoadDiff,sHRF,ok,non-inferential_smoke-test,0
86,Parcel_086,410,348.626239675331,0.001,0.489,0,Body_LoadDiff_vs_Face_LoadDiff,sHRF,ok,non-inferential_smoke-test,0
87,Parcel_087,410,308.821741189694,0.001,0.489,0,Body_LoadDiff_vs_Face_LoadDiff,sHRF,ok,non-inferential_smoke-test,0
88,Parcel_088,410,299.425639666747,0.001,0.489,0,Body_LoadDiff_vs_Face_LoadDiff,sHRF,ok,non-inferential_smoke-test,0
89,Parcel_089,410,101.894615513731,0.023,1,0,Body_LoadDiff_vs_Face_LoadDiff,sHRF,ok,non-inferential_smoke-test,0
90,Parcel_090,410,157.569079717623,0.003,0.933,0,Body_LoadDiff_vs_Face_LoadDiff,sHRF,ok,non-inferential_smoke-test,0
91,Parcel_091,410,240.556427114433,0.001,0.489,0,Body_LoadDiff_vs_Face_LoadDiff,sHRF,ok,non-inferential_smoke-test,0
92,Parcel_092,410,206.134626070602,0.001,0.489,0,Body_LoadDiff_vs_Face_LoadDiff,sHRF,ok,non-inferential_smoke-test,0
93,Parcel_093,410,330.042204953842,0.001,0.489,0,Body_LoadDiff_vs_Face_LoadDiff,sHRF,ok,non-inferential_smoke-test,0
94,Parcel_094,410,98.2391309058602,0.04,1,0,Body_LoadDiff_vs_Face_LoadDiff,sHRF,ok,non-inferential_smoke-test,0
95,Parcel_095,410,216.832635867275,0.001,0.489,0,Body_LoadDiff_vs_Face_LoadDiff,sHRF,ok,non-inferential_smoke-test,0
96,Parcel_096,410,107.545171521933,0.023,1,0,Body_LoadDiff_vs_Face_LoadDiff,sHRF,ok,non-inferential_smoke-test,0
97,Parcel_097,410,246.094103246765,0.001,0.489,0,Body_LoadDiff_vs_Face_LoadDiff,sHRF,ok,non-inferential_smoke-test,0
98,Parcel_098,410,206.861096556378,0.001,0.489,0,Body_LoadDiff_vs_Face_LoadDiff,sHRF,ok,non-inferential_smoke-test,0
99,Parcel_099,410,259.405347612677,0.001,0.489,0,Body_LoadDiff_vs_Face_LoadDiff,sHRF,ok,non-inferential_smoke-test,0
100,Parcel_100,410,145.598207341823,0.006,1,0,Body_LoadDiff_vs_Face_LoadDiff,sHRF,ok,non-inferential_smoke-test,0
101,Parcel_101,410,498.173995352587,0.001,0.489,0,Body_LoadDiff_vs_Face_LoadDiff,sHRF,ok,non-inferential_smoke-test,0
102,Parcel_102,410,422.150652653526,0.001,0.489,0,Body_LoadDiff_vs_Face_LoadDiff,sHRF,ok,non-inferential_smoke-test,0
103,Parcel_103,410,491.49883973897,0.001,0.489,0,Body_LoadDiff_vs_Face_LoadDiff,sHRF,ok,non-inferential_smoke-test,0
104,Parcel_104,410,189.79318658837,0.002,0.686,0,Body_LoadDiff_vs_Face_LoadDiff,sHRF,ok,non-inferential_smoke-test,0
105,Parcel_105,410,289.876156135805,0.001,0.489,0,Body_LoadDiff_vs_Face_LoadDiff,sHRF,ok,non-inferential_smoke-test,0
106,Parcel_106,410,129.13199097106,0.007,1,0,Body_LoadDiff_vs_Face_LoadDiff,sHRF,ok,non-inferential_smoke-test,0
107,Parcel_107,410,389.601949383008,0.001,0.489,0,Body_LoadDiff_vs_Face_LoadDiff,sHRF,ok,non-inferential_smoke-test,0
108,Parcel_108,410,248.03325693746,0.002,0.686,0,Body_LoadDiff_vs_Face_LoadDiff,sHRF,ok,non-inferential_smoke-test,0
109,Parcel_109,410,219.51314127153,0.001,0.489,0,Body_LoadDiff_vs_Face_LoadDiff,sHRF,ok,non-inferential_smoke-test,0
110,Parcel_110,410,190.938974642062,0.002,0.686,0,Body_LoadDiff_vs_Face_LoadDiff,sHRF,ok,non-inferential_smoke-test,0
111,Parcel_111,410,84.2096085359075,0.04,1,0,Body_LoadDiff_vs_Face_LoadDiff,sHRF,ok,non-inferential_smoke-test,0
112,Parcel_112,410,152.552095904694,0.002,0.686,0,Body_LoadDiff_vs_Face_LoadDiff,sHRF,ok,non-inferential_smoke-test,0
113,Parcel_113,410,168.893991599615,0.003,0.933,0,Body_LoadDiff_vs_Face_LoadDiff,sHRF,ok,non-inferential_smoke-test,0
114,Parcel_114,410,210.523341379689,0.001,0.489,0,Body_LoadDiff_vs_Face_LoadDiff,sHRF,ok,non-inferential_smoke-test,0
115,Parcel_115,410,11.4747776686562,0.975,1,0,Body_LoadDiff_vs_Face_LoadDiff,sHRF,ok,non-inferential_smoke-test,0
116,Parcel_116,410,236.859708838567,0.001,0.489,0,Body_LoadDiff_vs_Face_LoadDiff,sHRF,ok,non-inferential_smoke-test,0
117,Parcel_117,410,105.178169990268,0.02,1,0,Body_LoadDiff_vs_Face_LoadDiff,sHRF,ok,non-inferential_smoke-test,0
118,Parcel_118,410,307.41913465375,0.001,0.489,0,Body_LoadDiff_vs_Face_LoadDiff,sHRF,ok,non-inferential_smoke-test,0
119,Parcel_119,410,111.33767343394,0.007,1,0,Body_LoadDiff_vs_Face_LoadDiff,sHRF,ok,non-inferential_smoke-test,0
120,Parcel_120,410,137.300019305609,0.006,1,0,Body_LoadDiff_vs_Face_LoadDiff,sHRF,ok,non-inferential_smoke-test,0
121,Parcel_121,410,190.137080664798,0.002,0.686,0,Body_LoadDiff_vs_Face_LoadDiff,sHRF,ok,non-inferential_smoke-test,0
122,Parcel_122,410,178.969108059911,0.003,0.933,0,Body_LoadDiff_vs_Face_LoadDiff,sHRF,ok,non-inferential_smoke-test,0
123,Parcel_123,410,84.54514800665,0.055,1,0,Body_LoadDiff_vs_Face_LoadDiff,sHRF,ok,non-inferential_smoke-test,0
124,Parcel_124,410,122.146905405113,0.009,1,0,Body_LoadDiff_vs_Face_LoadDiff,sHRF,ok,non-inferential_smoke-test,0
125,Parcel_125,410,175.378926927444,0.001,0.489,0,Body_LoadDiff_vs_Face_LoadDiff,sHRF,ok,non-inferential_smoke-test,0
126,Parcel_126,410,235.910398637912,0.001,0.489,0,Body_LoadDiff_vs_Face_LoadDiff,sHRF,ok,non-inferential_smoke-test,0
127,Parcel_127,410,114.227135468987,0.013,1,0,Body_LoadDiff_vs_Face_LoadDiff,sHRF,ok,non-inferential_smoke-test,0
128,Parcel_128,410,113.525604939157,0.016,1,0,Body_LoadDiff_vs_Face_LoadDiff,sHRF,ok,non-inferential_smoke-test,0
129,Parcel_129,410,136.065887979644,0.003,0.933,0,Body_LoadDiff_vs_Face_LoadDiff,sHRF,ok,non-inferential_smoke-test,0
130,Parcel_130,410,217.909706559414,0.001,0.489,0,Body_LoadDiff_vs_Face_LoadDiff,sHRF,ok,non-inferential_smoke-test,0
131,Parcel_131,410,61.8494049433197,0.151,1,0,Body_LoadDiff_vs_Face_LoadDiff,sHRF,ok,non-inferential_smoke-test,0
132,Parcel_132,410,82.1183350977757,0.062,1,0,Body_LoadDiff_vs_Face_LoadDiff,sHRF,ok,non-inferential_smoke-test,0
133,Parcel_133,410,173.178901413314,0.002,0.686,0,Body_LoadDiff_vs_Face_LoadDiff,sHRF,ok,non-inferential_smoke-test,0
134,Parcel_134,410,129.270792553087,0.012,1,0,Body_LoadDiff_vs_Face_LoadDiff,sHRF,ok,non-inferential_smoke-test,0
135,Parcel_135,410,198.509265150571,0.001,0.489,0,Body_LoadDiff_vs_Face_LoadDiff,sHRF,ok,non-inferential_smoke-test,0
136,Parcel_136,410,113.081421588973,0.017,1,0,Body_LoadDiff_vs_Face_LoadDiff,sHRF,ok,non-inferential_smoke-test,0
137,Parcel_137,410,406.410232819847,0.001,0.489,0,Body_LoadDiff_vs_Face_LoadDiff,sHRF,ok,non-inferential_smoke-test,0
138,Parcel_138,410,408.270600718795,0.001,0.489,0,Body_LoadDiff_vs_Face_LoadDiff,sHRF,ok,non-inferential_smoke-test,0
139,Parcel_139,410,380.954963891419,0.001,0.489,0,Body_LoadDiff_vs_Face_LoadDiff,sHRF,ok,non-inferential_smoke-test,0
140,Parcel_140,410,343.484055718305,0.001,0.489,0,Body_LoadDiff_vs_Face_LoadDiff,sHRF,ok,non-inferential_smoke-test,0
141,Parcel_141,410,224.860244111251,0.001,0.489,0,Body_LoadDiff_vs_Face_LoadDiff,sHRF,ok,non-inferential_smoke-test,0
142,Parcel_142,410,131.4393217853,0.011,1,0,Body_LoadDiff_vs_Face_LoadDiff,sHRF,ok,non-inferential_smoke-test,0
143,Parcel_143,410,284.107767599538,0.001,0.489,0,Body_LoadDiff_vs_Face_LoadDiff,sHRF,ok,non-inferential_smoke-test,0
144,Parcel_144,410,283.942809513932,0.002,0.686,0,Body_LoadDiff_vs_Face_LoadDiff,sHRF,ok,non-inferential_smoke-test,0
145,Parcel_145,410,343.014119043164,0.001,0.489,0,Body_LoadDiff_vs_Face_LoadDiff,sHRF,ok,non-inferential_smoke-test,0
146,Parcel_146,410,128.123279275986,0.007,1,0,Body_LoadDiff_vs_Face_LoadDiff,sHRF,ok,non-inferential_smoke-test,0
147,Parcel_147,410,148.610585805318,0.006,1,0,Body_LoadDiff_vs_Face_LoadDiff,sHRF,ok,non-inferential_smoke-test,0
148,Parcel_148,410,99.9500322884254,0.025,1,0,Body_LoadDiff_vs_Face_LoadDiff,sHRF,ok,non-inferential_smoke-test,0
149,Parcel_149,410,164.744329396333,0.002,0.686,0,Body_LoadDiff_vs_Face_LoadDiff,sHRF,ok,non-inferential_smoke-test,0
150,Parcel_150,410,54.6399003010939,0.229,1,0,Body_LoadDiff_vs_Face_LoadDiff,sHRF,ok,non-inferential_smoke-test,0
151,Parcel_151,410,156.725252579637,0.002,0.686,0,Body_LoadDiff_vs_Face_LoadDiff,sHRF,ok,non-inferential_smoke-test,0
152,Parcel_152,410,144.362483838257,0.004,1,0,Body_LoadDiff_vs_Face_LoadDiff,sHRF,ok,non-inferential_smoke-test,0
153,Parcel_153,410,142.818258413571,0.003,0.933,0,Body_LoadDiff_vs_Face_LoadDiff,sHRF,ok,non-inferential_smoke-test,0
154,Parcel_154,410,34.9874991539036,0.517,1,0,Body_LoadDiff_vs_Face_LoadDiff,sHRF,ok,non-inferential_smoke-test,0
155,Parcel_155,410,192.257659811899,0.001,0.489,0,Body_LoadDiff_vs_Face_LoadDiff,sHRF,ok,non-inferential_smoke-test,0
156,Parcel_156,410,188.641653322234,0.002,0.686,0,Body_LoadDiff_vs_Face_LoadDiff,sHRF,ok,non-inferential_smoke-test,0
157,Parcel_157,410,279.222069728695,0.001,0.489,0,Body_LoadDiff_vs_Face_LoadDiff,sHRF,ok,non-inferential_smoke-test,0
158,Parcel_158,410,86.924892891445,0.047,1,0,Body_LoadDiff_vs_Face_LoadDiff,sHRF,ok,non-inferential_smoke-test,0
159,Parcel_159,410,224.034133849306,0.001,0.489,0,Body_LoadDiff_vs_Face_LoadDiff,sHRF,ok,non-inferential_smoke-test,0
160,Parcel_160,410,121.472007207212,0.005,1,0,Body_LoadDiff_vs_Face_LoadDiff,sHRF,ok,non-inferential_smoke-test,0
161,Parcel_161,410,253.041368366593,0.001,0.489,0,Body_LoadDiff_vs_Face_LoadDiff,sHRF,ok,non-inferential_smoke-test,0
162,Parcel_162,410,161.217219930797,0.002,0.686,0,Body_LoadDiff_vs_Face_LoadDiff,sHRF,ok,non-inferential_smoke-test,0
163,Parcel_163,410,231.927338135574,0.001,0.489,0,Body_LoadDiff_vs_Face_LoadDiff,sHRF,ok,non-inferential_smoke-test,0
164,Parcel_164,410,132.460693950881,0.009,1,0,Body_LoadDiff_vs_Face_LoadDiff,sHRF,ok,non-inferential_smoke-test,0
165,Parcel_165,410,234.32709870255,0.001,0.489,0,Body_LoadDiff_vs_Face_LoadDiff,sHRF,ok,non-inferential_smoke-test,0
166,Parcel_166,410,246.819094420504,0.001,0.489,0,Body_LoadDiff_vs_Face_LoadDiff,sHRF,ok,non-inferential_smoke-test,0
167,Parcel_167,410,215.485005288869,0.001,0.489,0,Body_LoadDiff_vs_Face_LoadDiff,sHRF,ok,non-inferential_smoke-test,0
168,Parcel_168,410,202.868162003794,0.002,0.686,0,Body_LoadDiff_vs_Face_LoadDiff,sHRF,ok,non-inferential_smoke-test,0
169,Parcel_169,410,116.627869268308,0.011,1,0,Body_LoadDiff_vs_Face_LoadDiff,sHRF,ok,non-inferential_smoke-test,0
170,Parcel_170,410,117.714832666215,0.019,1,0,Body_LoadDiff_vs_Face_LoadDiff,sHRF,ok,non-inferential_smoke-test,0
171,Parcel_171,410,123.780244060872,0.012,1,0,Body_LoadDiff_vs_Face_LoadDiff,sHRF,ok,non-inferential_smoke-test,0
172,Parcel_172,410,187.996181256787,0.001,0.489,0,Body_LoadDiff_vs_Face_LoadDiff,sHRF,ok,non-inferential_smoke-test,0
173,Parcel_173,410,177.746722486136,0.002,0.686,0,Body_LoadDiff_vs_Face_LoadDiff,sHRF,ok,non-inferential_smoke-test,0
174,Parcel_174,410,113.841367665558,0.008,1,0,Body_LoadDiff_vs_Face_LoadDiff,sHRF,ok,non-inferential_smoke-test,0
175,Parcel_175,410,39.1532930818833,0.458,1,0,Body_LoadDiff_vs_Face_LoadDiff,sHRF,ok,non-inferential_smoke-test,0
176,Parcel_176,410,399.416863603182,0.001,0.489,0,Body_LoadDiff_vs_Face_LoadDiff,sHRF,ok,non-inferential_smoke-test,0
177,Parcel_177,410,39.7889682835304,0.408,1,0,Body_LoadDiff_vs_Face_LoadDiff,sHRF,ok,non-inferential_smoke-test,0
178,Parcel_178,410,101.825702957325,0.026,1,0,Body_LoadDiff_vs_Face_LoadDiff,sHRF,ok,non-inferential_smoke-test,0
179,Parcel_179,410,56.372951189315,0.189,1,0,Body_LoadDiff_vs_Face_LoadDiff,sHRF,ok,non-inferential_smoke-test,0
180,Parcel_180,410,75.2902944012231,0.074,1,0,Body_LoadDiff_vs_Face_LoadDiff,sHRF,ok,non-inferential_smoke-test,0
181,Parcel_181,410,67.0783414468722,0.13,1,0,Body_LoadDiff_vs_Face_LoadDiff,sHRF,ok,non-inferential_smoke-test,0
182,Parcel_182,410,23.1652925843747,0.789,1,0,Body_LoadDiff_vs_Face_LoadDiff,sHRF,ok,non-inferential_smoke-test,0
183,Parcel_183,410,130.565178777001,0.003,0.933,0,Body_LoadDiff_vs_Face_LoadDiff,sHRF,ok,non-inferential_smoke-test,0
184,Parcel_184,410,41.8001337538693,0.392,1,0,Body_LoadDiff_vs_Face_LoadDiff,sHRF,ok,non-inferential_smoke-test,0
185,Parcel_185,410,44.925554310891,0.367,1,0,Body_LoadDiff_vs_Face_LoadDiff,sHRF,ok,non-inferential_smoke-test,0
186,Parcel_186,410,26.4964679462755,0.695,1,0,Body_LoadDiff_vs_Face_LoadDiff,sHRF,ok,non-inferential_smoke-test,0
187,Parcel_187,410,154.635354270486,0.002,0.686,0,Body_LoadDiff_vs_Face_LoadDiff,sHRF,ok,non-inferential_smoke-test,0
188,Parcel_188,410,120.516899747686,0.007,1,0,Body_LoadDiff_vs_Face_LoadDiff,sHRF,ok,non-inferential_smoke-test,0
189,Parcel_189,410,220.813797334709,0.001,0.489,0,Body_LoadDiff_vs_Face_LoadDiff,sHRF,ok,non-inferential_smoke-test,0
190,Parcel_190,410,59.7432506444048,0.181,1,0,Body_LoadDiff_vs_Face_LoadDiff,sHRF,ok,non-inferential_smoke-test,0
191,Parcel_191,410,173.815104965232,0.004,1,0,Body_LoadDiff_vs_Face_LoadDiff,sHRF,ok,non-inferential_smoke-test,0
192,Parcel_192,410,127.715116796492,0.007,1,0,Body_LoadDiff_vs_Face_LoadDiff,sHRF,ok,non-inferential_smoke-test,0
193,Parcel_193,410,147.838522363654,0.005,1,0,Body_LoadDiff_vs_Face_LoadDiff,sHRF,ok,non-inferential_smoke-test,0
194,Parcel_194,410,221.376303039781,0.001,0.489,0,Body_LoadDiff_vs_Face_LoadDiff,sHRF,ok,non-inferential_smoke-test,0
195,Parcel_195,410,167.281053842433,0.002,0.686,0,Body_LoadDiff_vs_Face_LoadDiff,sHRF,ok,non-inferential_smoke-test,0
196,Parcel_196,410,103.137758935722,0.017,1,0,Body_LoadDiff_vs_Face_LoadDiff,sHRF,ok,non-inferential_smoke-test,0
197,Parcel_197,410,97.0241844704091,0.028,1,0,Body_LoadDiff_vs_Face_LoadDiff,sHRF,ok,non-inferential_smoke-test,0
198,Parcel_198,410,139.434904617406,0.007,1,0,Body_LoadDiff_vs_Face_LoadDiff,sHRF,ok,non-inferential_smoke-test,0
199,Parcel_199,410,208.832136161831,0.001,0.489,0,Body_LoadDiff_vs_Face_LoadDiff,sHRF,ok,non-inferential_smoke-test,0
200,Parcel_200,410,316.080038788133,0.001,0.489,0,Body_LoadDiff_vs_Face_LoadDiff,sHRF,ok,non-inferential_smoke-test,0
201,Parcel_201,410,187.383631880607,0.001,0.489,0,Body_LoadDiff_vs_Face_LoadDiff,sHRF,ok,non-inferential_smoke-test,0
202,Parcel_202,410,104.779899983487,0.015,1,0,Body_LoadDiff_vs_Face_LoadDiff,sHRF,ok,non-inferential_smoke-test,0
203,Parcel_203,410,105.572522341418,0.021,1,0,Body_LoadDiff_vs_Face_LoadDiff,sHRF,ok,non-inferential_smoke-test,0
204,Parcel_204,410,74.3713795461201,0.097,1,0,Body_LoadDiff_vs_Face_LoadDiff,sHRF,ok,non-inferential_smoke-test,0
205,Parcel_205,410,18.7468003262436,0.869,1,0,Body_LoadDiff_vs_Face_LoadDiff,sHRF,ok,non-inferential_smoke-test,0
206,Parcel_206,410,45.50161300744,0.334,1,0,Body_LoadDiff_vs_Face_LoadDiff,sHRF,ok,non-inferential_smoke-test,0
207,Parcel_207,410,71.4376188137725,0.116,1,0,Body_LoadDiff_vs_Face_LoadDiff,sHRF,ok,non-inferential_smoke-test,0
208,Parcel_208,410,50.110023338934,0.279,1,0,Body_LoadDiff_vs_Face_LoadDiff,sHRF,ok,non-inferential_smoke-test,0
209,Parcel_209,410,206.346985306948,0.002,0.686,0,Body_LoadDiff_vs_Face_LoadDiff,sHRF,ok,non-inferential_smoke-test,0
210,Parcel_210,410,161.935572546095,0.003,0.933,0,Body_LoadDiff_vs_Face_LoadDiff,sHRF,ok,non-inferential_smoke-test,0
211,Parcel_211,410,238.189006518025,0.001,0.489,0,Body_LoadDiff_vs_Face_LoadDiff,sHRF,ok,non-inferential_smoke-test,0
212,Parcel_212,410,72.1702693589513,0.091,1,0,Body_LoadDiff_vs_Face_LoadDiff,sHRF,ok,non-inferential_smoke-test,0
213,Parcel_213,410,79.2083871042492,0.07,1,0,Body_LoadDiff_vs_Face_LoadDiff,sHRF,ok,non-inferential_smoke-test,0
214,Parcel_214,410,183.922049578902,0.001,0.489,0,Body_LoadDiff_vs_Face_LoadDiff,sHRF,ok,non-inferential_smoke-test,0
215,Parcel_215,410,92.5317165527654,0.046,1,0,Body_LoadDiff_vs_Face_LoadDiff,sHRF,ok,non-inferential_smoke-test,0
216,Parcel_216,410,82.416200216808,0.056,1,0,Body_LoadDiff_vs_Face_LoadDiff,sHRF,ok,non-inferential_smoke-test,0
217,Parcel_217,410,99.2577908492871,0.022,1,0,Body_LoadDiff_vs_Face_LoadDiff,sHRF,ok,non-inferential_smoke-test,0
218,Parcel_218,410,24.8408163846552,0.752,1,0,Body_LoadDiff_vs_Face_LoadDiff,sHRF,ok,non-inferential_smoke-test,0
219,Parcel_219,410,97.0785110673627,0.029,1,0,Body_LoadDiff_vs_Face_LoadDiff,sHRF,ok,non-inferential_smoke-test,0
220,Parcel_220,410,37.1522260677011,0.484,1,0,Body_LoadDiff_vs_Face_LoadDiff,sHRF,ok,non-inferential_smoke-test,0
221,Parcel_221,410,71.1288608225868,0.109,1,0,Body_LoadDiff_vs_Face_LoadDiff,sHRF,ok,non-inferential_smoke-test,0
222,Parcel_222,410,147.529757042942,0.001,0.489,0,Body_LoadDiff_vs_Face_LoadDiff,sHRF,ok,non-inferential_smoke-test,0
223,Parcel_223,410,66.0347385437227,0.127,1,0,Body_LoadDiff_vs_Face_LoadDiff,sHRF,ok,non-inferential_smoke-test,0
224,Parcel_224,410,45.4560005304075,0.356,1,0,Body_LoadDiff_vs_Face_LoadDiff,sHRF,ok,non-inferential_smoke-test,0
225,Parcel_225,410,101.589473067644,0.019,1,0,Body_LoadDiff_vs_Face_LoadDiff,sHRF,ok,non-inferential_smoke-test,0
226,Parcel_226,410,94.0117764467891,0.036,1,0,Body_LoadDiff_vs_Face_LoadDiff,sHRF,ok,non-inferential_smoke-test,0
227,Parcel_227,410,107.829580411771,0.018,1,0,Body_LoadDiff_vs_Face_LoadDiff,sHRF,ok,non-inferential_smoke-test,0
228,Parcel_228,410,38.1492413776103,0.495,1,0,Body_LoadDiff_vs_Face_LoadDiff,sHRF,ok,non-inferential_smoke-test,0
229,Parcel_229,410,114.585226311437,0.011,1,0,Body_LoadDiff_vs_Face_LoadDiff,sHRF,ok,non-inferential_smoke-test,0
230,Parcel_230,410,61.8249112269179,0.16,1,0,Body_LoadDiff_vs_Face_LoadDiff,sHRF,ok,non-inferential_smoke-test,0
231,Parcel_231,410,185.273445487536,0.001,0.489,0,Body_LoadDiff_vs_Face_LoadDiff,sHRF,ok,non-inferential_smoke-test,0
232,Parcel_232,410,89.1616870475097,0.043,1,0,Body_LoadDiff_vs_Face_LoadDiff,sHRF,ok,non-inferential_smoke-test,0
233,Parcel_233,410,265.542545594697,0.001,0.489,0,Body_LoadDiff_vs_Face_LoadDiff,sHRF,ok,non-inferential_smoke-test,0
234,Parcel_234,410,148.517888307621,0.003,0.933,0,Body_LoadDiff_vs_Face_LoadDiff,sHRF,ok,non-inferential_smoke-test,0
235,Parcel_235,410,29.0972983693027,0.656,1,0,Body_LoadDiff_vs_Face_LoadDiff,sHRF,ok,non-inferential_smoke-test,0
236,Parcel_236,410,19.856343863755,0.874,1,0,Body_LoadDiff_vs_Face_LoadDiff,sHRF,ok,non-inferential_smoke-test,0
237,Parcel_237,410,64.1242939484657,0.133,1,0,Body_LoadDiff_vs_Face_LoadDiff,sHRF,ok,non-inferential_smoke-test,0
238,Parcel_238,410,33.1705456781135,0.551,1,0,Body_LoadDiff_vs_Face_LoadDiff,sHRF,ok,non-inferential_smoke-test,0
239,Parcel_239,410,72.2338202682219,0.102,1,0,Body_LoadDiff_vs_Face_LoadDiff,sHRF,ok,non-inferential_smoke-test,0
240,Parcel_240,410,116.690958199229,0.011,1,0,Body_LoadDiff_vs_Face_LoadDiff,sHRF,ok,non-inferential_smoke-test,0
241,Parcel_241,410,97.5231682912013,0.031,1,0,Body_LoadDiff_vs_Face_LoadDiff,sHRF,ok,non-inferential_smoke-test,0
242,Parcel_242,410,134.969380380409,0.007,1,0,Body_LoadDiff_vs_Face_LoadDiff,sHRF,ok,non-inferential_smoke-test,0
243,Parcel_243,410,61.1372619706085,0.149,1,0,Body_LoadDiff_vs_Face_LoadDiff,sHRF,ok,non-inferential_smoke-test,0
244,Parcel_244,410,77.5862065428224,0.073,1,0,Body_LoadDiff_vs_Face_LoadDiff,sHRF,ok,non-inferential_smoke-test,0
245,Parcel_245,410,87.7804219509394,0.047,1,0,Body_LoadDiff_vs_Face_LoadDiff,sHRF,ok,non-inferential_smoke-test,0
246,Parcel_246,410,127.971215457231,0.011,1,0,Body_LoadDiff_vs_Face_LoadDiff,sHRF,ok,non-inferential_smoke-test,0
247,Parcel_247,410,36.699883081013,0.477,1,0,Body_LoadDiff_vs_Face_LoadDiff,sHRF,ok,non-inferential_smoke-test,0
248,Parcel_248,410,98.522630426267,0.034,1,0,Body_LoadDiff_vs_Face_LoadDiff,sHRF,ok,non-inferential_smoke-test,0
249,Parcel_249,410,118.203262346315,0.014,1,0,Body_LoadDiff_vs_Face_LoadDiff,sHRF,ok,non-inferential_smoke-test,0
250,Parcel_250,410,76.7515754963019,0.093,1,0,Body_LoadDiff_vs_Face_LoadDiff,sHRF,ok,non-inferential_smoke-test,0
251,Parcel_251,410,110.07803255854,0.021,1,0,Body_LoadDiff_vs_Face_LoadDiff,sHRF,ok,non-inferential_smoke-test,0
252,Parcel_252,410,107.91756357038,0.021,1,0,Body_LoadDiff_vs_Face_LoadDiff,sHRF,ok,non-inferential_smoke-test,0
253,Parcel_253,410,61.3582435575522,0.155,1,0,Body_LoadDiff_vs_Face_LoadDiff,sHRF,ok,non-inferential_smoke-test,0
254,Parcel_254,410,43.250973695634,0.371,1,0,Body_LoadDiff_vs_Face_LoadDiff,sHRF,ok,non-inferential_smoke-test,0
255,Parcel_255,410,203.512527258793,0.001,0.489,0,Body_LoadDiff_vs_Face_LoadDiff,sHRF,ok,non-inferential_smoke-test,0
256,Parcel_256,410,212.033448883682,0.003,0.933,0,Body_LoadDiff_vs_Face_LoadDiff,sHRF,ok,non-inferential_smoke-test,0
257,Parcel_257,410,142.966282699559,0.007,1,0,Body_LoadDiff_vs_Face_LoadDiff,sHRF,ok,non-inferential_smoke-test,0
258,Parcel_258,410,146.950771143241,0.002,0.686,0,Body_LoadDiff_vs_Face_LoadDiff,sHRF,ok,non-inferential_smoke-test,0
259,Parcel_259,410,235.704806484711,0.001,0.489,0,Body_LoadDiff_vs_Face_LoadDiff,sHRF,ok,non-inferential_smoke-test,0
260,Parcel_260,410,147.01522536339,0.007,1,0,Body_LoadDiff_vs_Face_LoadDiff,sHRF,ok,non-inferential_smoke-test,0
261,Parcel_261,410,116.53590907229,0.014,1,0,Body_LoadDiff_vs_Face_LoadDiff,sHRF,ok,non-inferential_smoke-test,0
262,Parcel_262,410,222.377988613149,0.001,0.489,0,Body_LoadDiff_vs_Face_LoadDiff,sHRF,ok,non-inferential_smoke-test,0
263,Parcel_263,410,110.768741554904,0.018,1,0,Body_LoadDiff_vs_Face_LoadDiff,sHRF,ok,non-inferential_smoke-test,0
264,Parcel_264,410,101.196219787616,0.028,1,0,Body_LoadDiff_vs_Face_LoadDiff,sHRF,ok,non-inferential_smoke-test,0
265,Parcel_265,410,402.253712275163,0.001,0.489,0,Body_LoadDiff_vs_Face_LoadDiff,sHRF,ok,non-inferential_smoke-test,0
266,Parcel_266,410,222.035186922889,0.001,0.489,0,Body_LoadDiff_vs_Face_LoadDiff,sHRF,ok,non-inferential_smoke-test,0
267,Parcel_267,410,79.963822532719,0.074,1,0,Body_LoadDiff_vs_Face_LoadDiff,sHRF,ok,non-inferential_smoke-test,0
268,Parcel_268,410,129.674599633278,0.004,1,0,Body_LoadDiff_vs_Face_LoadDiff,sHRF,ok,non-inferential_smoke-test,0
269,Parcel_269,410,47.5442334759063,0.332,1,0,Body_LoadDiff_vs_Face_LoadDiff,sHRF,ok,non-inferential_smoke-test,0
270,Parcel_270,410,67.7022666785723,0.124,1,0,Body_LoadDiff_vs_Face_LoadDiff,sHRF,ok,non-inferential_smoke-test,0
271,Parcel_271,410,82.3987599993394,0.063,1,0,Body_LoadDiff_vs_Face_LoadDiff,sHRF,ok,non-inferential_smoke-test,0
272,Parcel_272,410,66.7110322661776,0.121,1,0,Body_LoadDiff_vs_Face_LoadDiff,sHRF,ok,non-inferential_smoke-test,0
273,Parcel_273,410,236.951459799333,0.001,0.489,0,Body_LoadDiff_vs_Face_LoadDiff,sHRF,ok,non-inferential_smoke-test,0
274,Parcel_274,410,126.321635146371,0.008,1,0,Body_LoadDiff_vs_Face_LoadDiff,sHRF,ok,non-inferential_smoke-test,0
275,Parcel_275,410,243.901262020674,0.001,0.489,0,Body_LoadDiff_vs_Face_LoadDiff,sHRF,ok,non-inferential_smoke-test,0
276,Parcel_276,410,129.879241450212,0.006,1,0,Body_LoadDiff_vs_Face_LoadDiff,sHRF,ok,non-inferential_smoke-test,0
277,Parcel_277,410,263.621748756944,0.001,0.489,0,Body_LoadDiff_vs_Face_LoadDiff,sHRF,ok,non-inferential_smoke-test,0
278,Parcel_278,410,217.209416051649,0.001,0.489,0,Body_LoadDiff_vs_Face_LoadDiff,sHRF,ok,non-inferential_smoke-test,0
279,Parcel_279,410,67.9830568965611,0.124,1,0,Body_LoadDiff_vs_Face_LoadDiff,sHRF,ok,non-inferential_smoke-test,0
280,Parcel_280,410,60.4654793410786,0.175,1,0,Body_LoadDiff_vs_Face_LoadDiff,sHRF,ok,non-inferential_smoke-test,0
281,Parcel_281,410,225.399522223143,0.001,0.489,0,Body_LoadDiff_vs_Face_LoadDiff,sHRF,ok,non-inferential_smoke-test,0
282,Parcel_282,410,120.282255152601,0.012,1,0,Body_LoadDiff_vs_Face_LoadDiff,sHRF,ok,non-inferential_smoke-test,0
283,Parcel_283,410,65.3709172524274,0.167,1,0,Body_LoadDiff_vs_Face_LoadDiff,sHRF,ok,non-inferential_smoke-test,0
284,Parcel_284,410,268.664879783323,0.001,0.489,0,Body_LoadDiff_vs_Face_LoadDiff,sHRF,ok,non-inferential_smoke-test,0
285,Parcel_285,410,242.115352269801,0.001,0.489,0,Body_LoadDiff_vs_Face_LoadDiff,sHRF,ok,non-inferential_smoke-test,0
286,Parcel_286,410,547.242729993671,0.001,0.489,0,Body_LoadDiff_vs_Face_LoadDiff,sHRF,ok,non-inferential_smoke-test,0
287,Parcel_287,410,332.524348198796,0.001,0.489,0,Body_LoadDiff_vs_Face_LoadDiff,sHRF,ok,non-inferential_smoke-test,0
288,Parcel_288,410,161.878848061853,0.001,0.489,0,Body_LoadDiff_vs_Face_LoadDiff,sHRF,ok,non-inferential_smoke-test,0
289,Parcel_289,410,309.159482911271,0.001,0.489,0,Body_LoadDiff_vs_Face_LoadDiff,sHRF,ok,non-inferential_smoke-test,0
290,Parcel_290,410,268.686857366147,0.001,0.489,0,Body_LoadDiff_vs_Face_LoadDiff,sHRF,ok,non-inferential_smoke-test,0
291,Parcel_291,410,313.249354523694,0.001,0.489,0,Body_LoadDiff_vs_Face_LoadDiff,sHRF,ok,non-inferential_smoke-test,0
292,Parcel_292,410,378.085740534348,0.001,0.489,0,Body_LoadDiff_vs_Face_LoadDiff,sHRF,ok,non-inferential_smoke-test,0
293,Parcel_293,410,86.6525174395621,0.066,1,0,Body_LoadDiff_vs_Face_LoadDiff,sHRF,ok,non-inferential_smoke-test,0
294,Parcel_294,410,103.500819228479,0.028,1,0,Body_LoadDiff_vs_Face_LoadDiff,sHRF,ok,non-inferential_smoke-test,0
295,Parcel_295,410,359.162038289521,0.001,0.489,0,Body_LoadDiff_vs_Face_LoadDiff,sHRF,ok,non-inferential_smoke-test,0
296,Parcel_296,410,122.567860674713,0.012,1,0,Body_LoadDiff_vs_Face_LoadDiff,sHRF,ok,non-inferential_smoke-test,0
297,Parcel_297,410,462.395149195239,0.001,0.489,0,Body_LoadDiff_vs_Face_LoadDiff,sHRF,ok,non-inferential_smoke-test,0
298,Parcel_298,410,243.372265085521,0.002,0.686,0,Body_LoadDiff_vs_Face_LoadDiff,sHRF,ok,non-inferential_smoke-test,0
299,Parcel_299,410,297.409787882162,0.001,0.489,0,Body_LoadDiff_vs_Face_LoadDiff,sHRF,ok,non-inferential_smoke-test,0
300,Parcel_300,410,89.4493037330284,0.051,1,0,Body_LoadDiff_vs_Face_LoadDiff,sHRF,ok,non-inferential_smoke-test,0
301,Parcel_301,410,288.407779640955,0.001,0.489,0,Body_LoadDiff_vs_Face_LoadDiff,sHRF,ok,non-inferential_smoke-test,0
302,Parcel_302,410,373.575079749152,0.001,0.489,0,Body_LoadDiff_vs_Face_LoadDiff,sHRF,ok,non-inferential_smoke-test,0
303,Parcel_303,410,170.604643577489,0.002,0.686,0,Body_LoadDiff_vs_Face_LoadDiff,sHRF,ok,non-inferential_smoke-test,0
304,Parcel_304,410,114.266335931227,0.02,1,0,Body_LoadDiff_vs_Face_LoadDiff,sHRF,ok,non-inferential_smoke-test,0
305,Parcel_305,410,127.856968019607,0.004,1,0,Body_LoadDiff_vs_Face_LoadDiff,sHRF,ok,non-inferential_smoke-test,0
306,Parcel_306,410,68.5712840980413,0.105,1,0,Body_LoadDiff_vs_Face_LoadDiff,sHRF,ok,non-inferential_smoke-test,0
307,Parcel_307,410,159.190990484983,0.002,0.686,0,Body_LoadDiff_vs_Face_LoadDiff,sHRF,ok,non-inferential_smoke-test,0
308,Parcel_308,410,344.16137481883,0.001,0.489,0,Body_LoadDiff_vs_Face_LoadDiff,sHRF,ok,non-inferential_smoke-test,0
309,Parcel_309,410,47.1699935063364,0.311,1,0,Body_LoadDiff_vs_Face_LoadDiff,sHRF,ok,non-inferential_smoke-test,0
310,Parcel_310,410,162.22772080286,0.002,0.686,0,Body_LoadDiff_vs_Face_LoadDiff,sHRF,ok,non-inferential_smoke-test,0
311,Parcel_311,410,197.943716348446,0.002,0.686,0,Body_LoadDiff_vs_Face_LoadDiff,sHRF,ok,non-inferential_smoke-test,0
312,Parcel_312,410,448.985896144679,0.001,0.489,0,Body_LoadDiff_vs_Face_LoadDiff,sHRF,ok,non-inferential_smoke-test,0
313,Parcel_313,410,144.381708520936,0.005,1,0,Body_LoadDiff_vs_Face_LoadDiff,sHRF,ok,non-inferential_smoke-test,0
314,Parcel_314,410,234.976037483979,0.001,0.489,0,Body_LoadDiff_vs_Face_LoadDiff,sHRF,ok,non-inferential_smoke-test,0
315,Parcel_315,410,316.809383342988,0.001,0.489,0,Body_LoadDiff_vs_Face_LoadDiff,sHRF,ok,non-inferential_smoke-test,0
316,Parcel_316,410,565.531340232233,0.001,0.489,0,Body_LoadDiff_vs_Face_LoadDiff,sHRF,ok,non-inferential_smoke-test,0
317,Parcel_317,410,330.679595909657,0.001,0.489,0,Body_LoadDiff_vs_Face_LoadDiff,sHRF,ok,non-inferential_smoke-test,0
318,Parcel_318,410,342.870855998231,0.001,0.489,0,Body_LoadDiff_vs_Face_LoadDiff,sHRF,ok,non-inferential_smoke-test,0
319,Parcel_319,410,241.254972396483,0.001,0.489,0,Body_LoadDiff_vs_Face_LoadDiff,sHRF,ok,non-inferential_smoke-test,0
320,Parcel_320,410,155.36646482343,0.002,0.686,0,Body_LoadDiff_vs_Face_LoadDiff,sHRF,ok,non-inferential_smoke-test,0
321,Parcel_321,410,178.322283949597,0.001,0.489,0,Body_LoadDiff_vs_Face_LoadDiff,sHRF,ok,non-inferential_smoke-test,0
322,Parcel_322,410,146.398069631523,0.001,0.489,0,Body_LoadDiff_vs_Face_LoadDiff,sHRF,ok,non-inferential_smoke-test,0
323,Parcel_323,410,255.905510116524,0.001,0.489,0,Body_LoadDiff_vs_Face_LoadDiff,sHRF,ok,non-inferential_smoke-test,0
324,Parcel_324,410,192.284793501437,0.001,0.489,0,Body_LoadDiff_vs_Face_LoadDiff,sHRF,ok,non-inferential_smoke-test,0
325,Parcel_325,410,259.037379997644,0.001,0.489,0,Body_LoadDiff_vs_Face_LoadDiff,sHRF,ok,non-inferential_smoke-test,0
326,Parcel_326,410,243.62085144826,0.001,0.489,0,Body_LoadDiff_vs_Face_LoadDiff,sHRF,ok,non-inferential_smoke-test,0
327,Parcel_327,410,43.6854101787796,0.36,1,0,Body_LoadDiff_vs_Face_LoadDiff,sHRF,ok,non-inferential_smoke-test,0
328,Parcel_328,410,23.5023529805958,0.78,1,0,Body_LoadDiff_vs_Face_LoadDiff,sHRF,ok,non-inferential_smoke-test,0
329,Parcel_329,410,83.0267908006679,0.073,1,0,Body_LoadDiff_vs_Face_LoadDiff,sHRF,ok,non-inferential_smoke-test,0
330,Parcel_330,410,116.945422952611,0.011,1,0,Body_LoadDiff_vs_Face_LoadDiff,sHRF,ok,non-inferential_smoke-test,0
331,Parcel_331,410,70.3486624527705,0.111,1,0,Body_LoadDiff_vs_Face_LoadDiff,sHRF,ok,non-inferential_smoke-test,0
332,Parcel_332,410,29.3397560754897,0.645,1,0,Body_LoadDiff_vs_Face_LoadDiff,sHRF,ok,non-inferential_smoke-test,0
333,Parcel_333,410,171.601878305037,0.001,0.489,0,Body_LoadDiff_vs_Face_LoadDiff,sHRF,ok,non-inferential_smoke-test,0
334,Parcel_334,410,99.4970227172959,0.03,1,0,Body_LoadDiff_vs_Face_LoadDiff,sHRF,ok,non-inferential_smoke-test,0
335,Parcel_335,410,122.6039809807,0.008,1,0,Body_LoadDiff_vs_Face_LoadDiff,sHRF,ok,non-inferential_smoke-test,0
336,Parcel_336,410,58.8873476087075,0.166,1,0,Body_LoadDiff_vs_Face_LoadDiff,sHRF,ok,non-inferential_smoke-test,0
337,Parcel_337,410,32.3100076072264,0.606,1,0,Body_LoadDiff_vs_Face_LoadDiff,sHRF,ok,non-inferential_smoke-test,0
338,Parcel_338,410,229.895007311709,0.001,0.489,0,Body_LoadDiff_vs_Face_LoadDiff,sHRF,ok,non-inferential_smoke-test,0
339,Parcel_339,410,100.771575256957,0.024,1,0,Body_LoadDiff_vs_Face_LoadDiff,sHRF,ok,non-inferential_smoke-test,0
340,Parcel_340,410,47.4030862503834,0.322,1,0,Body_LoadDiff_vs_Face_LoadDiff,sHRF,ok,non-inferential_smoke-test,0
341,Parcel_341,410,168.72305818933,0.003,0.933,0,Body_LoadDiff_vs_Face_LoadDiff,sHRF,ok,non-inferential_smoke-test,0
342,Parcel_342,410,59.6218524486606,0.164,1,0,Body_LoadDiff_vs_Face_LoadDiff,sHRF,ok,non-inferential_smoke-test,0
343,Parcel_343,410,137.698238750159,0.004,1,0,Body_LoadDiff_vs_Face_LoadDiff,sHRF,ok,non-inferential_smoke-test,0
344,Parcel_344,410,62.4329995835563,0.15,1,0,Body_LoadDiff_vs_Face_LoadDiff,sHRF,ok,non-inferential_smoke-test,0
345,Parcel_345,410,99.5347692017194,0.023,1,0,Body_LoadDiff_vs_Face_LoadDiff,sHRF,ok,non-inferential_smoke-test,0
346,Parcel_346,410,70.0640457877514,0.13,1,0,Body_LoadDiff_vs_Face_LoadDiff,sHRF,ok,non-inferential_smoke-test,0
347,Parcel_347,410,37.2957865728966,0.483,1,0,Body_LoadDiff_vs_Face_LoadDiff,sHRF,ok,non-inferential_smoke-test,0
348,Parcel_348,410,92.0514906791691,0.037,1,0,Body_LoadDiff_vs_Face_LoadDiff,sHRF,ok,non-inferential_smoke-test,0
349,Parcel_349,410,48.8075459318119,0.31,1,0,Body_LoadDiff_vs_Face_LoadDiff,sHRF,ok,non-inferential_smoke-test,0
350,Parcel_350,410,104.283938261433,0.024,1,0,Body_LoadDiff_vs_Face_LoadDiff,sHRF,ok,non-inferential_smoke-test,0
351,Parcel_351,410,92.8950992732939,0.034,1,0,Body_LoadDiff_vs_Face_LoadDiff,sHRF,ok,non-inferential_smoke-test,0
352,Parcel_352,410,72.7907881156139,0.089,1,0,Body_LoadDiff_vs_Face_LoadDiff,sHRF,ok,non-inferential_smoke-test,0
353,Parcel_353,410,156.411481505469,0.002,0.686,0,Body_LoadDiff_vs_Face_LoadDiff,sHRF,ok,non-inferential_smoke-test,0
354,Parcel_354,410,62.0623571673525,0.173,1,0,Body_LoadDiff_vs_Face_LoadDiff,sHRF,ok,non-inferential_smoke-test,0
355,Parcel_355,410,57.092608194681,0.181,1,0,Body_LoadDiff_vs_Face_LoadDiff,sHRF,ok,non-inferential_smoke-test,0
356,Parcel_356,410,56.7164212558363,0.206,1,0,Body_LoadDiff_vs_Face_LoadDiff,sHRF,ok,non-inferential_smoke-test,0
357,Parcel_357,410,102.97765633725,0.023,1,0,Body_LoadDiff_vs_Face_LoadDiff,sHRF,ok,non-inferential_smoke-test,0
358,Parcel_358,410,116.00311933171,0.01,1,0,Body_LoadDiff_vs_Face_LoadDiff,sHRF,ok,non-inferential_smoke-test,0
359,Parcel_359,410,232.456817697106,0.001,0.489,0,Body_LoadDiff_vs_Face_LoadDiff,sHRF,ok,non-inferential_smoke-test,0
360,Parcel_360,410,301.912265866032,0.001,0.489,0,Body_LoadDiff_vs_Face_LoadDiff,sHRF,ok,non-inferential_smoke-test,0
361,Parcel_361,410,188.154694078742,0.001,0.489,0,Body_LoadDiff_vs_Face_LoadDiff,sHRF,ok,non-inferential_smoke-test,0
362,Parcel_362,410,98.6704888192844,0.028,1,0,Body_LoadDiff_vs_Face_LoadDiff,sHRF,ok,non-inferential_smoke-test,0
363,Parcel_363,410,52.1939314010846,0.238,1,0,Body_LoadDiff_vs_Face_LoadDiff,sHRF,ok,non-inferential_smoke-test,0
364,Parcel_364,410,96.9881024814079,0.028,1,0,Body_LoadDiff_vs_Face_LoadDiff,sHRF,ok,non-inferential_smoke-test,0
365,Parcel_365,410,159.533250909994,0.001,0.489,0,Body_LoadDiff_vs_Face_LoadDiff,sHRF,ok,non-inferential_smoke-test,0
366,Parcel_366,410,209.465975088255,0.001,0.489,0,Body_LoadDiff_vs_Face_LoadDiff,sHRF,ok,non-inferential_smoke-test,0
367,Parcel_367,410,254.751497485318,0.001,0.489,0,Body_LoadDiff_vs_Face_LoadDiff,sHRF,ok,non-inferential_smoke-test,0
368,Parcel_368,410,203.118045019208,0.001,0.489,0,Body_LoadDiff_vs_Face_LoadDiff,sHRF,ok,non-inferential_smoke-test,0
369,Parcel_369,410,96.6572147172938,0.022,1,0,Body_LoadDiff_vs_Face_LoadDiff,sHRF,ok,non-inferential_smoke-test,0
370,Parcel_370,410,46.6295513493024,0.31,1,0,Body_LoadDiff_vs_Face_LoadDiff,sHRF,ok,non-inferential_smoke-test,0
371,Parcel_371,410,80.5887958111432,0.048,1,0,Body_LoadDiff_vs_Face_LoadDiff,sHRF,ok,non-inferential_smoke-test,0
372,Parcel_372,410,33.6609420601313,0.56,1,0,Body_LoadDiff_vs_Face_LoadDiff,sHRF,ok,non-inferential_smoke-test,0
373,Parcel_373,410,46.467996665915,0.31,1,0,Body_LoadDiff_vs_Face_LoadDiff,sHRF,ok,non-inferential_smoke-test,0
374,Parcel_374,410,96.4465637176774,0.03,1,0,Body_LoadDiff_vs_Face_LoadDiff,sHRF,ok,non-inferential_smoke-test,0
375,Parcel_375,410,20.669802693655,0.836,1,0,Body_LoadDiff_vs_Face_LoadDiff,sHRF,ok,non-inferential_smoke-test,0
376,Parcel_376,410,29.3588608970931,0.639,1,0,Body_LoadDiff_vs_Face_LoadDiff,sHRF,ok,non-inferential_smoke-test,0
377,Parcel_377,410,44.6763508432072,0.334,1,0,Body_LoadDiff_vs_Face_LoadDiff,sHRF,ok,non-inferential_smoke-test,0
378,Parcel_378,410,48.2682854794124,0.308,1,0,Body_LoadDiff_vs_Face_LoadDiff,sHRF,ok,non-inferential_smoke-test,0
379,Parcel_379,410,59.9182587657001,0.16,1,0,Body_LoadDiff_vs_Face_LoadDiff,sHRF,ok,non-inferential_smoke-test,0
380,Parcel_380,410,20.8177349442533,0.824,1,0,Body_LoadDiff_vs_Face_LoadDiff,sHRF,ok,non-inferential_smoke-test,0
381,Parcel_381,410,51.5041221449606,0.259,1,0,Body_LoadDiff_vs_Face_LoadDiff,sHRF,ok,non-inferential_smoke-test,0
382,Parcel_382,410,571.815235585745,0.001,0.489,0,Body_LoadDiff_vs_Face_LoadDiff,sHRF,ok,non-inferential_smoke-test,0
383,Parcel_383,410,80.3842980185744,0.065,1,0,Body_LoadDiff_vs_Face_LoadDiff,sHRF,ok,non-inferential_smoke-test,0
384,Parcel_384,410,112.188907075289,0.012,1,0,Body_LoadDiff_vs_Face_LoadDiff,sHRF,ok,non-inferential_smoke-test,0
385,Parcel_385,410,57.453205591802,0.201,1,0,Body_LoadDiff_vs_Face_LoadDiff,sHRF,ok,non-inferential_smoke-test,0
386,Parcel_386,410,137.9751063687,0.003,0.933,0,Body_LoadDiff_vs_Face_LoadDiff,sHRF,ok,non-inferential_smoke-test,0
387,Parcel_387,410,85.3597847544283,0.043,1,0,Body_LoadDiff_vs_Face_LoadDiff,sHRF,ok,non-inferential_smoke-test,0
388,Parcel_388,410,93.9237992461761,0.034,1,0,Body_LoadDiff_vs_Face_LoadDiff,sHRF,ok,non-inferential_smoke-test,0
389,Parcel_389,410,70.0451341467281,0.109,1,0,Body_LoadDiff_vs_Face_LoadDiff,sHRF,ok,non-inferential_smoke-test,0
390,Parcel_390,410,140.108033201876,0.005,1,0,Body_LoadDiff_vs_Face_LoadDiff,sHRF,ok,non-inferential_smoke-test,0
391,Parcel_391,410,105.929989288813,0.02,1,0,Body_LoadDiff_vs_Face_LoadDiff,sHRF,ok,non-inferential_smoke-test,0
392,Parcel_392,410,220.655580484265,0.001,0.489,0,Body_LoadDiff_vs_Face_LoadDiff,sHRF,ok,non-inferential_smoke-test,0
393,Parcel_393,410,115.558027730514,0.009,1,0,Body_LoadDiff_vs_Face_LoadDiff,sHRF,ok,non-inferential_smoke-test,0
394,Parcel_394,410,26.9702680498257,0.714,1,0,Body_LoadDiff_vs_Face_LoadDiff,sHRF,ok,non-inferential_smoke-test,0
395,Parcel_395,410,252.304097924116,0.001,0.489,0,Body_LoadDiff_vs_Face_LoadDiff,sHRF,ok,non-inferential_smoke-test,0
396,Parcel_396,410,128.334333436119,0.009,1,0,Body_LoadDiff_vs_Face_LoadDiff,sHRF,ok,non-inferential_smoke-test,0
397,Parcel_397,410,40.0667608207297,0.416,1,0,Body_LoadDiff_vs_Face_LoadDiff,sHRF,ok,non-inferential_smoke-test,0
398,Parcel_398,410,146.589456310277,0.003,0.933,0,Body_LoadDiff_vs_Face_LoadDiff,sHRF,ok,non-inferential_smoke-test,0
399,Parcel_399,410,139.090789298435,0.003,0.933,0,Body_LoadDiff_vs_Face_LoadDiff,sHRF,ok,non-inferential_smoke-test,0
400,Parcel_400,410,44.924363427865,0.357,1,0,Body_LoadDiff_vs_Face_LoadDiff,sHRF,ok,non-inferential_smoke-test,0
401,Parcel_401,410,125.826265664549,0.005,1,0,Body_LoadDiff_vs_Face_LoadDiff,sHRF,ok,non-inferential_smoke-test,0
402,Parcel_402,410,174.4938374513,0.001,0.489,0,Body_LoadDiff_vs_Face_LoadDiff,sHRF,ok,non-inferential_smoke-test,0
403,Parcel_403,410,28.7491537594821,0.675,1,0,Body_LoadDiff_vs_Face_LoadDiff,sHRF,ok,non-inferential_smoke-test,0
404,Parcel_404,410,105.011693711259,0.02,1,0,Body_LoadDiff_vs_Face_LoadDiff,sHRF,ok,non-inferential_smoke-test,0
405,Parcel_405,410,48.5595855208353,0.315,1,0,Body_LoadDiff_vs_Face_LoadDiff,sHRF,ok,non-inferential_smoke-test,0
406,Parcel_406,410,19.9002060618497,0.86,1,0,Body_LoadDiff_vs_Face_LoadDiff,sHRF,ok,non-inferential_smoke-test,0
407,Parcel_407,410,54.3376208929139,0.244,1,0,Body_LoadDiff_vs_Face_LoadDiff,sHRF,ok,non-inferential_smoke-test,0
408,Parcel_408,410,54.3462995598355,0.234,1,0,Body_LoadDiff_vs_Face_LoadDiff,sHRF,ok,non-inferential_smoke-test,0
409,Parcel_409,410,65.096510699734,0.137,1,0,Body_LoadDiff_vs_Face_LoadDiff,sHRF,ok,non-inferential_smoke-test,0
410,Parcel_410,410,18.3390060136682,0.887,1,0,Body_LoadDiff_vs_Face_LoadDiff,sHRF,ok,non-inferential_smoke-test,0
411,Parcel_411,410,71.2199377902441,0.098,1,0,Body_LoadDiff_vs_Face_LoadDiff,sHRF,ok,non-inferential_smoke-test,0
412,Parcel_412,410,38.3981180728278,0.497,1,0,Body_LoadDiff_vs_Face_LoadDiff,sHRF,ok,non-inferential_smoke-test,0
413,Parcel_413,410,78.6876445084694,0.066,1,0,Body_LoadDiff_vs_Face_LoadDiff,sHRF,ok,non-inferential_smoke-test,0
414,Parcel_414,410,72.659978499511,0.083,1,0,Body_LoadDiff_vs_Face_LoadDiff,sHRF,ok,non-inferential_smoke-test,0
415,Parcel_415,410,22.1192972755182,0.816,1,0,Body_LoadDiff_vs_Face_LoadDiff,sHRF,ok,non-inferential_smoke-test,0
416,Parcel_416,410,21.3684824368802,0.842,1,0,Body_LoadDiff_vs_Face_LoadDiff,sHRF,ok,non-inferential_smoke-test,0
417,Parcel_417,410,21.0620401290939,0.835,1,0,Body_LoadDiff_vs_Face_LoadDiff,sHRF,ok,non-inferential_smoke-test,0
418,Parcel_418,410,55.9703747664589,0.198,1,0,Body_LoadDiff_vs_Face_LoadDiff,sHRF,ok,non-inferential_smoke-test,0
419,Parcel_419,410,44.5528347736961,0.367,1,0,Body_LoadDiff_vs_Face_LoadDiff,sHRF,ok,non-inferential_smoke-test,0
420,Parcel_420,410,63.0438124073858,0.175,1,0,Body_LoadDiff_vs_Face_LoadDiff,sHRF,ok,non-inferential_smoke-test,0
421,Parcel_421,410,24.2766370545642,0.766,1,0,Body_LoadDiff_vs_Face_LoadDiff,sHRF,ok,non-inferential_smoke-test,0
422,Parcel_422,410,79.6260046386578,0.063,1,0,Body_LoadDiff_vs_Face_LoadDiff,sHRF,ok,non-inferential_smoke-test,0
423,Parcel_423,410,43.110238505856,0.369,1,0,Body_LoadDiff_vs_Face_LoadDiff,sHRF,ok,non-inferential_smoke-test,0
424,Parcel_424,410,38.2350625274505,0.487,1,0,Body_LoadDiff_vs_Face_LoadDiff,sHRF,ok,non-inferential_smoke-test,0
425,Parcel_425,410,120.10594586668,0.01,1,0,Body_LoadDiff_vs_Face_LoadDiff,sHRF,ok,non-inferential_smoke-test,0
426,Parcel_426,410,89.4932220434948,0.04,1,0,Body_LoadDiff_vs_Face_LoadDiff,sHRF,ok,non-inferential_smoke-test,0
427,Parcel_427,410,52.156294247405,0.255,1,0,Body_LoadDiff_vs_Face_LoadDiff,sHRF,ok,non-inferential_smoke-test,0
428,Parcel_428,410,28.4710498856117,0.658,1,0,Body_LoadDiff_vs_Face_LoadDiff,sHRF,ok,non-inferential_smoke-test,0
429,Parcel_429,410,34.6495310595867,0.542,1,0,Body_LoadDiff_vs_Face_LoadDiff,sHRF,ok,non-inferential_smoke-test,0
430,Parcel_430,410,49.8800976544496,0.287,1,0,Body_LoadDiff_vs_Face_LoadDiff,sHRF,ok,non-inferential_smoke-test,0
431,Parcel_431,410,79.2066103948619,0.073,1,0,Body_LoadDiff_vs_Face_LoadDiff,sHRF,ok,non-inferential_smoke-test,0
432,Parcel_432,410,59.8865556301325,0.169,1,0,Body_LoadDiff_vs_Face_LoadDiff,sHRF,ok,non-inferential_smoke-test,0
433,Parcel_433,410,79.9010695799503,0.054,1,0,Body_LoadDiff_vs_Face_LoadDiff,sHRF,ok,non-inferential_smoke-test,0
434,Parcel_434,410,70.656074461703,0.122,1,0,Body_LoadDiff_vs_Face_LoadDiff,sHRF,ok,non-inferential_smoke-test,0
435,Parcel_435,410,50.3655066577863,0.285,1,0,Body_LoadDiff_vs_Face_LoadDiff,sHRF,ok,non-inferential_smoke-test,0
436,Parcel_436,410,76.4844908227009,0.062,1,0,Body_LoadDiff_vs_Face_LoadDiff,sHRF,ok,non-inferential_smoke-test,0
437,Parcel_437,410,68.2798614495226,0.117,1,0,Body_LoadDiff_vs_Face_LoadDiff,sHRF,ok,non-inferential_smoke-test,0
438,Parcel_438,410,17.4175282742866,0.89,1,0,Body_LoadDiff_vs_Face_LoadDiff,sHRF,ok,non-inferential_smoke-test,0
439,Parcel_439,410,25.3360283518271,0.734,1,0,Body_LoadDiff_vs_Face_LoadDiff,sHRF,ok,non-inferential_smoke-test,0
440,Parcel_440,410,63.3388641809036,0.152,1,0,Body_LoadDiff_vs_Face_LoadDiff,sHRF,ok,non-inferential_smoke-test,0
441,Parcel_441,410,12.9625409647847,0.951,1,0,Body_LoadDiff_vs_Face_LoadDiff,sHRF,ok,non-inferential_smoke-test,0
442,Parcel_442,410,46.2336869584564,0.316,1,0,Body_LoadDiff_vs_Face_LoadDiff,sHRF,ok,non-inferential_smoke-test,0
443,Parcel_443,410,35.7021086842076,0.502,1,0,Body_LoadDiff_vs_Face_LoadDiff,sHRF,ok,non-inferential_smoke-test,0
444,Parcel_444,410,53.4221781736339,0.245,1,0,Body_LoadDiff_vs_Face_LoadDiff,sHRF,ok,non-inferential_smoke-test,0
445,Parcel_445,410,69.4812345919283,0.1,1,0,Body_LoadDiff_vs_Face_LoadDiff,sHRF,ok,non-inferential_smoke-test,0
446,Parcel_446,410,48.8828257864823,0.316,1,0,Body_LoadDiff_vs_Face_LoadDiff,sHRF,ok,non-inferential_smoke-test,0
447,Parcel_447,410,111.553225506493,0.011,1,0,Body_LoadDiff_vs_Face_LoadDiff,sHRF,ok,non-inferential_smoke-test,0
448,Parcel_448,410,51.6644076086159,0.283,1,0,Body_LoadDiff_vs_Face_LoadDiff,sHRF,ok,non-inferential_smoke-test,0
449,Parcel_449,410,86.5918041909482,0.05,1,0,Body_LoadDiff_vs_Face_LoadDiff,sHRF,ok,non-inferential_smoke-test,0
450,Parcel_450,410,93.1261546533881,0.041,1,0,Body_LoadDiff_vs_Face_LoadDiff,sHRF,ok,non-inferential_smoke-test,0
451,Parcel_451,410,27.6661975069339,0.714,1,0,Body_LoadDiff_vs_Face_LoadDiff,sHRF,ok,non-inferential_smoke-test,0
452,Parcel_452,410,46.7634548348398,0.305,1,0,Body_LoadDiff_vs_Face_LoadDiff,sHRF,ok,non-inferential_smoke-test,0
453,Parcel_453,410,110.937346903399,0.012,1,0,Body_LoadDiff_vs_Face_LoadDiff,sHRF,ok,non-inferential_smoke-test,0
454,Parcel_454,410,37.7053427873642,0.48,1,0,Body_LoadDiff_vs_Face_LoadDiff,sHRF,ok,non-inferential_smoke-test,0
455,Parcel_455,410,32.8575028497572,0.588,1,0,Body_LoadDiff_vs_Face_LoadDiff,sHRF,ok,non-inferential_smoke-test,0
456,Parcel_456,410,22.6344580323091,0.794,1,0,Body_LoadDiff_vs_Face_LoadDiff,sHRF,ok,non-inferential_smoke-test,0
457,Parcel_457,410,16.072835628905,0.912,1,0,Body_LoadDiff_vs_Face_LoadDiff,sHRF,ok,non-inferential_smoke-test,0
458,Parcel_458,410,56.0620347416335,0.227,1,0,Body_LoadDiff_vs_Face_LoadDiff,sHRF,ok,non-inferential_smoke-test,0
459,Parcel_459,410,35.5202386652876,0.521,1,0,Body_LoadDiff_vs_Face_LoadDiff,sHRF,ok,non-inferential_smoke-test,0
460,Parcel_460,410,39.0944330259146,0.451,1,0,Body_LoadDiff_vs_Face_LoadDiff,sHRF,ok,non-inferential_smoke-test,0
461,Parcel_461,410,55.6283473675571,0.214,1,0,Body_LoadDiff_vs_Face_LoadDiff,sHRF,ok,non-inferential_smoke-test,0
462,Parcel_462,410,50.2601112180362,0.285,1,0,Body_LoadDiff_vs_Face_LoadDiff,sHRF,ok,non-inferential_smoke-test,0
463,Parcel_463,410,15.450880808988,0.928,1,0,Body_LoadDiff_vs_Face_LoadDiff,sHRF,ok,non-inferential_smoke-test,0
464,Parcel_464,410,66.5128172633495,0.115,1,0,Body_LoadDiff_vs_Face_LoadDiff,sHRF,ok,non-inferential_smoke-test,0
465,Parcel_465,410,34.0979950096813,0.529,1,0,Body_LoadDiff_vs_Face_LoadDiff,sHRF,ok,non-inferential_smoke-test,0
466,Parcel_466,410,13.6063569033805,0.943,1,0,Body_LoadDiff_vs_Face_LoadDiff,sHRF,ok,non-inferential_smoke-test,0
467,Parcel_467,410,26.0255725520686,0.72,1,0,Body_LoadDiff_vs_Face_LoadDiff,sHRF,ok,non-inferential_smoke-test,0
468,Parcel_468,410,28.9339133136775,0.659,1,0,Body_LoadDiff_vs_Face_LoadDiff,sHRF,ok,non-inferential_smoke-test,0
469,Parcel_469,410,36.6869317698185,0.51,1,0,Body_LoadDiff_vs_Face_LoadDiff,sHRF,ok,non-inferential_smoke-test,0
470,Parcel_470,410,46.6497132608462,0.313,1,0,Body_LoadDiff_vs_Face_LoadDiff,sHRF,ok,non-inferential_smoke-test,0
471,Parcel_471,405,83.7513417943781,0.066,1,0,Body_LoadDiff_vs_Face_LoadDiff,sHRF,finite_complete_case_exclusions,non-inferential_smoke-test,0
472,Parcel_472,407,16.888878616239,0.907,1,0,Body_LoadDiff_vs_Face_LoadDiff,sHRF,finite_complete_case_exclusions,non-inferential_smoke-test,0
473,Parcel_473,410,28.9341328236765,0.643,1,0,Body_LoadDiff_vs_Face_LoadDiff,sHRF,ok,non-inferential_smoke-test,0
474,Parcel_474,410,60.3123418163081,0.177,1,0,Body_LoadDiff_vs_Face_LoadDiff,sHRF,ok,non-inferential_smoke-test,0
475,Parcel_475,410,73.5567086162217,0.09,1,0,Body_LoadDiff_vs_Face_LoadDiff,sHRF,ok,non-inferential_smoke-test,0
476,Parcel_476,410,34.3823083037327,0.547,1,0,Body_LoadDiff_vs_Face_LoadDiff,sHRF,ok,non-inferential_smoke-test,0
477,Parcel_477,402,28.7336790967959,0.665,1,0,Body_LoadDiff_vs_Face_LoadDiff,sHRF,finite_complete_case_exclusions,non-inferential_smoke-test,0
478,Parcel_478,410,34.6741550548215,0.527,1,0,Body_LoadDiff_vs_Face_LoadDiff,sHRF,ok,non-inferential_smoke-test,0
479,Parcel_479,410,65.5208454470167,0.115,1,0,Body_LoadDiff_vs_Face_LoadDiff,sHRF,ok,non-inferential_smoke-test,0
480,Parcel_480,410,26.227650770337,0.722,1,0,Body_LoadDiff_vs_Face_LoadDiff,sHRF,ok,non-inferential_smoke-test,0
481,Parcel_481,410,67.1400033785216,0.125,1,0,Body_LoadDiff_vs_Face_LoadDiff,sHRF,ok,non-inferential_smoke-test,0
482,Parcel_482,410,65.3045461348819,0.142,1,0,Body_LoadDiff_vs_Face_LoadDiff,sHRF,ok,non-inferential_smoke-test,0
483,Parcel_483,410,106.247378917587,0.018,1,0,Body_LoadDiff_vs_Face_LoadDiff,sHRF,ok,non-inferential_smoke-test,0
484,Parcel_484,410,162.914799769413,0.003,0.933,0,Body_LoadDiff_vs_Face_LoadDiff,sHRF,ok,non-inferential_smoke-test,0
485,Parcel_485,410,34.5409612869447,0.546,1,0,Body_LoadDiff_vs_Face_LoadDiff,sHRF,ok,non-inferential_smoke-test,0
486,Parcel_486,410,53.1424861252225,0.228,1,0,Body_LoadDiff_vs_Face_LoadDiff,sHRF,ok,non-inferential_smoke-test,0
487,Parcel_487,410,87.8486838515429,0.044,1,0,Body_LoadDiff_vs_Face_LoadDiff,sHRF,ok,non-inferential_smoke-test,0
488,Parcel_488,410,96.6959368174743,0.025,1,0,Body_LoadDiff_vs_Face_LoadDiff,sHRF,ok,non-inferential_smoke-test,0
489,Parcel_489,410,47.8534084732957,0.3,1,0,Body_LoadDiff_vs_Face_LoadDiff,sHRF,ok,non-inferential_smoke-test,0
