roiIndex,roiName
1,Parcel_001
2,Parcel_002
3,Parcel_003
4,Parcel_004
5,Parcel_005
6,Parcel_006
7,Parcel_007
8,Parcel_008
9,Parcel_009
10,Parcel_010
11,Parcel_011
12,Parcel_012
13,Parcel_013
14,Parcel_014
15,Parcel_015
16,Parcel_016
17,Parcel_017
18,Parcel_018
19,Parcel_019
20,Parcel_020
21,Parcel_021
22,Parcel_022
23,Parcel_023
24,Parcel_024
25,Parcel_025
26,Parcel_026
27,Parcel_027
28,Parcel_028
29,Parcel_029
30,Parcel_030
31,Parcel_031
32,Parcel_032
33,Parcel_033
34,Parcel_034
35,Parcel_035
36,Parcel_036
37,Parcel_037
38,Parcel_038
39,Parcel_039
40,Parcel_040
41,Parcel_041
42,Parcel_042
43,Parcel_043
44,Parcel_044
45,Parcel_045
46,Parcel_046
47,Parcel_047
48,Parcel_048
49,Parcel_049
50,Parcel_050
51,Parcel_051
52,Parcel_052
53,Parcel_053
54,Parcel_054
55,Parcel_055
56,Parcel_056
57,Parcel_057
58,Parcel_058
59,Parcel_059
60,Parcel_060
61,Parcel_061
62,Parcel_062
63,Parcel_063
64,Parcel_064
65,Parcel_065
66,Parcel_066
67,Parcel_067
68,Parcel_068
69,Parcel_069
70,Parcel_070
71,Parcel_071
72,Parcel_072
73,Parcel_073
74,Parcel_074
75,Parcel_075
76,Parcel_076
77,Parcel_077
78,Parcel_078
79,Parcel_079
80,Parcel_080
81,Parcel_081
82,Parcel_082
83,Parcel_083
84,Parcel_084
85,Parcel_085
86,Parcel_086
87,Parcel_087
88,Parcel_088
89,Parcel_089
90,Parcel_090
91,Parcel_091
92,Parcel_092
93,Parcel_093
94,Parcel_094
95,Parcel_095
96,Parcel_096
97,Parcel_097
98,Parcel_098
99,Parcel_099
100,Parcel_100
101,Parcel_101
102,Parcel_102
103,Parcel_103
104,Parcel_104
105,Parcel_105
106,Parcel_106
107,Parcel_107
108,Parcel_108
109,Parcel_109
110,Parcel_110
111,Parcel_111
112,Parcel_112
113,Parcel_113
114,Parcel_114
115,Parcel_115
116,Parcel_116
117,Parcel_117
118,Parcel_118
119,Parcel_119
120,Parcel_120
121,Parcel_121
122,Parcel_122
123,Parcel_123
124,Parcel_124
125,Parcel_125
126,Parcel_126
127,Parcel_127
128,Parcel_128
129,Parcel_129
130,Parcel_130
131,Parcel_131
132,Parcel_132
133,Parcel_133
134,Parcel_134
135,Parcel_135
136,Parcel_136
137,Parcel_137
138,Parcel_138
139,Parcel_139
140,Parcel_140
141,Parcel_141
142,Parcel_142
143,Parcel_143
144,Parcel_144
145,Parcel_145
146,Parcel_146
147,Parcel_147
148,Parcel_148
149,Parcel_149
150,Parcel_150
151,Parcel_151
152,Parcel_152
153,Parcel_153
154,Parcel_154
155,Parcel_155
156,Parcel_156
157,Parcel_157
158,Parcel_158
159,Parcel_159
160,Parcel_160
161,Parcel_161
162,Parcel_162
163,Parcel_163
164,Parcel_164
165,Parcel_165
166,Parcel_166
167,Parcel_167
168,Parcel_168
169,Parcel_169
170,Parcel_170
171,Parcel_171
172,Parcel_172
173,Parcel_173
174,Parcel_174
175,Parcel_175
176,Parcel_176
177,Parcel_177
178,Parcel_178
179,Parcel_179
180,Parcel_180
181,Parcel_181
182,Parcel_182
183,Parcel_183
184,Parcel_184
185,Parcel_185
186,Parcel_186
187,Parcel_187
188,Parcel_188
189,Parcel_189
190,Parcel_190
191,Parcel_191
192,Parcel_192
193,Parcel_193
194,Parcel_194
195,Parcel_195
196,Parcel_196
197,Parcel_197
198,Parcel_198
199,Parcel_199
200,Parcel_200
201,Parcel_201
202,Parcel_202
203,Parcel_203
204,Parcel_204
205,Parcel_205
206,Parcel_206
207,Parcel_207
208,Parcel_208
209,Parcel_209
210,Parcel_210
211,Parcel_211
212,Parcel_212
213,Parcel_213
214,Parcel_214
215,Parcel_215
216,Parcel_216
217,Parcel_217
218,Parcel_218
219,Parcel_219
220,Parcel_220
221,Parcel_221
222,Parcel_222
223,Parcel_223
224,Parcel_224
225,Parcel_225
226,Parcel_226
227,Parcel_227
228,Parcel_228
229,Parcel_229
230,Parcel_230
231,Parcel_231
232,Parcel_232
233,Parcel_233
234,Parcel_234
235,Parcel_235
236,Parcel_236
237,Parcel_237
238,Parcel_238
239,Parcel_239
240,Parcel_240
241,Parcel_241
242,Parcel_242
243,Parcel_243
244,Parcel_244
245,Parcel_245
246,Parcel_246
247,Parcel_247
248,Parcel_248
249,Parcel_249
250,Parcel_250
251,Parcel_251
252,Parcel_252
253,Parcel_253
254,Parcel_254
255,Parcel_255
256,Parcel_256
257,Parcel_257
258,Parcel_258
259,Parcel_259
260,Parcel_260
261,Parcel_261
262,Parcel_262
263,Parcel_263
264,Parcel_264
265,Parcel_265
266,Parcel_266
267,Parcel_267
268,Parcel_268
269,Parcel_269
270,Parcel_270
271,Parcel_271
272,Parcel_272
273,Parcel_273
274,Parcel_274
275,Parcel_275
276,Parcel_276
277,Parcel_277
278,Parcel_278
279,Parcel_279
280,Parcel_280
281,Parcel_281
282,Parcel_282
283,Parcel_283
284,Parcel_284
285,Parcel_285
286,Parcel_286
287,Parcel_287
288,Parcel_288
289,Parcel_289
290,Parcel_290
291,Parcel_291
292,Parcel_292
293,Parcel_293
294,Parcel_294
295,Parcel_295
296,Parcel_296
297,Parcel_297
298,Parcel_298
299,Parcel_299
300,Parcel_300
301,Parcel_301
302,Parcel_302
303,Parcel_303
304,Parcel_304
305,Parcel_305
306,Parcel_306
307,Parcel_307
308,Parcel_308
309,Parcel_309
310,Parcel_310
311,Parcel_311
312,Parcel_312
313,Parcel_313
314,Parcel_314
315,Parcel_315
316,Parcel_316
317,Parcel_317
318,Parcel_318
319,Parcel_319
320,Parcel_320
321,Parcel_321
322,Parcel_322
323,Parcel_323
324,Parcel_324
325,Parcel_325
326,Parcel_326
327,Parcel_327
328,Parcel_328
329,Parcel_329
330,Parcel_330
331,Parcel_331
332,Parcel_332
333,Parcel_333
334,Parcel_334
335,Parcel_335
336,Parcel_336
337,Parcel_337
338,Parcel_338
339,Parcel_339
340,Parcel_340
341,Parcel_341
342,Parcel_342
343,Parcel_343
344,Parcel_344
345,Parcel_345
346,Parcel_346
347,Parcel_347
348,Parcel_348
349,Parcel_349
350,Parcel_350
351,Parcel_351
352,Parcel_352
353,Parcel_353
354,Parcel_354
355,Parcel_355
356,Parcel_356
357,Parcel_357
358,Parcel_358
359,Parcel_359
360,Parcel_360
361,Parcel_361
362,Parcel_362
363,Parcel_363
364,Parcel_364
365,Parcel_365
366,Parcel_366
367,Parcel_367
368,Parcel_368
369,Parcel_369
370,Parcel_370
371,Parcel_371
372,Parcel_372
373,Parcel_373
374,Parcel_374
375,Parcel_375
376,Parcel_376
377,Parcel_377
378,Parcel_378
379,Parcel_379
380,Parcel_380
381,Parcel_381
382,Parcel_382
383,Parcel_383
384,Parcel_384
385,Parcel_385
386,Parcel_386
387,Parcel_387
388,Parcel_388
389,Parcel_389
390,Parcel_390
391,Parcel_391
392,Parcel_392
393,Parcel_393
394,Parcel_394
395,Parcel_395
396,Parcel_396
397,Parcel_397
398,Parcel_398
399,Parcel_399
400,Parcel_400
401,Parcel_401
402,Parcel_402
403,Parcel_403
404,Parcel_404
405,Parcel_405
406,Parcel_406
407,Parcel_407
408,Parcel_408
409,Parcel_409
410,Parcel_410
411,Parcel_411
412,Parcel_412
413,Parcel_413
414,Parcel_414
415,Parcel_415
416,Parcel_416
417,Parcel_417
418,Parcel_418
419,Parcel_419
420,Parcel_420
421,Parcel_421
422,Parcel_422
423,Parcel_423
424,Parcel_424
425,Parcel_425
426,Parcel_426
427,Parcel_427
428,Parcel_428
429,Parcel_429
430,Parcel_430
431,Parcel_431
432,Parcel_432
433,Parcel_433
434,Parcel_434
435,Parcel_435
436,Parcel_436
437,Parcel_437
438,Parcel_438
439,Parcel_439
440,Parcel_440
441,Parcel_441
442,Parcel_442
443,Parcel_443
444,Parcel_444
445,Parcel_445
446,Parcel_446
447,Parcel_447
448,Parcel_448
449,Parcel_449
450,Parcel_450
451,Parcel_451
452,Parcel_452
453,Parcel_453
454,Parcel_454
455,Parcel_455
456,Parcel_456
457,Parcel_457
458,Parcel_458
459,Parcel_459
460,Parcel_460
461,Parcel_461
462,Parcel_462
463,Parcel_463
464,Parcel_464
465,Parcel_465
466,Parcel_466
467,Parcel_467
468,Parcel_468
469,Parcel_469
470,Parcel_470
471,Parcel_471
472,Parcel_472
473,Parcel_473
474,Parcel_474
475,Parcel_475
476,Parcel_476
477,Parcel_477
478,Parcel_478
479,Parcel_479
480,Parcel_480
481,Parcel_481
482,Parcel_482
483,Parcel_483
484,Parcel_484
485,Parcel_485
486,Parcel_486
487,Parcel_487
488,Parcel_488
489,Parcel_489
