component_01,component_02,roiName
0.0552326506880864,0.0567258603661985,Parcel_001
0.0664389306797847,0.0684310706123467,Parcel_002
0.0365100078036593,0.0390385088855724,Parcel_003
0.0292365568191371,0.0291347673055839,Parcel_004
0.0558054298909432,0.0541567773364221,Parcel_005
0.0628125722414452,0.0610488850403839,Parcel_006
0.0457975774758049,0.0479610911465874,Parcel_007
0.0526328067330489,0.056287389720749,Parcel_008
0.045205887264934,0.0494506080637279,Parcel_009
0.0511102072120365,0.0564641716806026,Parcel_010
0.0326658998827641,0.0401118171582384,Parcel_011
0.0383897234872438,0.0451448310268016,Parcel_012
0.0443056938449215,0.0513769792458347,Parcel_013
0.0601807755764774,0.0670695514231422,Parcel_014
0.0422050271399864,0.0419973383797086,Parcel_015
0.0369870596858123,0.0364947493228711,Parcel_016
0.0414562921945998,0.0420701680653572,Parcel_017
0.0418645994899374,0.0413710166668586,Parcel_018
0.0481457808051237,0.0470700464892469,Parcel_019
0.0475837443515577,0.04665572238257,Parcel_020
0.0488124971608121,0.0469106072221785,Parcel_021
0.0541295534453824,0.0501451543774839,Parcel_022
0.0438729479764506,0.0406499523164055,Parcel_023
0.0444328055204408,0.041757311313238,Parcel_024
0.0485226150163008,0.0510042850490177,Parcel_025
0.0488389694395324,0.0515003011471859,Parcel_026
0.0522683627892067,0.0524202331726918,Parcel_027
0.0717663155943662,0.077547136238673,Parcel_028
0.0619990044036393,0.0605726182812506,Parcel_029
0.073585712089192,0.0731512114987481,Parcel_030
0.062795513271944,0.068048749350072,Parcel_031
0.0402883155355161,0.0426672882008105,Parcel_032
0.0672536665131967,0.069447747895714,Parcel_033
0.03422482522429,0.0361631638400564,Parcel_034
0.0516505776066584,0.0611916201629344,Parcel_035
0.045005016399406,0.0486371649341497,Parcel_036
0.0327118410392953,0.0381863568482114,Parcel_037
0.0390173237505724,0.0390105617980629,Parcel_038
0.0221791445347166,0.0280426225498131,Parcel_039
0.0350629530875223,0.0436792681755336,Parcel_040
0.0283395763392067,0.0385611101593656,Parcel_041
0.0320337329090931,0.0406378813874919,Parcel_042
0.0321681777076792,0.0471171940241655,Parcel_043
0.0413637135689087,0.0537801130903336,Parcel_044
0.0339659165063379,0.0369497488569772,Parcel_045
0.032990399789409,0.0345450701939388,Parcel_046
0.0590927838910362,0.0534783275175596,Parcel_047
0.053573201932681,0.0510819632479063,Parcel_048
0.0377039944110333,0.0377234727383776,Parcel_049
0.040766061781871,0.0407462423178002,Parcel_050
0.0520218548186082,0.0490494913474645,Parcel_051
0.0706233505170007,0.0708340843616426,Parcel_052
0.0466165234653185,0.0461456949883535,Parcel_053
0.0551008143147492,0.0550131157486114,Parcel_054
0.0394914159080479,0.0392639142926316,Parcel_055
0.0475968466545874,0.0458384619009051,Parcel_056
0.0503138493861872,0.0486939225661416,Parcel_057
0.0790101894228218,0.0757244225146684,Parcel_058
0.0405447798994879,0.0379482354456913,Parcel_059
0.0556462627181533,0.0545422012289337,Parcel_060
0.0623609349614768,0.0623826110326391,Parcel_061
0.0598286445700816,0.0603565584981138,Parcel_062
0.0570226077373139,0.0571857204747873,Parcel_063
0.0635185429350064,0.0700440950129154,Parcel_064
0.0399959135152513,0.0425825861196138,Parcel_065
0.0497597222984424,0.0540059251180783,Parcel_066
0.0524003415527864,0.0554217764244444,Parcel_067
0.052041890691892,0.0579293848734783,Parcel_068
0.0513389819642209,0.0545885360052539,Parcel_069
0.0515896151996649,0.0530245128167148,Parcel_070
0.0286894539260213,0.0288173350795823,Parcel_071
0.0344543487941973,0.0353342859566613,Parcel_072
0.0197673837698884,0.0185520271909496,Parcel_073
0.0424533701285381,0.0413446696870005,Parcel_074
0.0533904314189137,0.0536452759346918,Parcel_075
0.0528166422584873,0.0522548292166846,Parcel_076
0.0232162816938155,0.0263522023886378,Parcel_077
0.0240310436312327,0.0275560832610165,Parcel_078
0.0293923779509789,0.029299218010417,Parcel_079
0.0488893118215056,0.0488153365199313,Parcel_080
0.0465511209523066,0.0463876133884448,Parcel_081
0.0450631357377421,0.0434914659315938,Parcel_082
0.0301477357793668,0.0331918130982919,Parcel_083
0.0221324999767892,0.0249809964556711,Parcel_084
0.0421395200980091,0.0381507612029248,Parcel_085
0.0722657215474746,0.0702058491227693,Parcel_086
0.0535284551058791,0.0509412085755313,Parcel_087
0.043951692034506,0.0408410963353234,Parcel_088
0.0473318568003452,0.0495662133549783,Parcel_089
0.0550320987914592,0.0601067122458401,Parcel_090
0.0621194794487108,0.0651128964387201,Parcel_091
0.0608435620399071,0.0606709251134305,Parcel_092
0.0452995789961269,0.0460275761170048,Parcel_093
0.0337928945131409,0.0371399172948177,Parcel_094
0.0472392158096796,0.0476842822509049,Parcel_095
0.0258982200369634,0.0267025053042073,Parcel_096
0.0420026538431482,0.044612009612261,Parcel_097
0.0312246186314581,0.0355024289191827,Parcel_098
0.0456696793989342,0.0464535737543059,Parcel_099
0.0379598401803155,0.0387404428482665,Parcel_100
0.0285525464940481,0.0304977869863709,Parcel_101
0.0343624439662029,0.0352482497450604,Parcel_102
0.0372227047712922,0.0376685496288642,Parcel_103
0.0260195612656833,0.0261325509457471,Parcel_104
0.0473245464279856,0.0480099577449761,Parcel_105
0.033703847367301,0.0326654135553567,Parcel_106
0.0398094606846503,0.0401660204386342,Parcel_107
0.0385832256143648,0.0394690488715529,Parcel_108
0.0334212877149037,0.0336383056876493,Parcel_109
0.0326523430038282,0.0323721926938661,Parcel_110
0.0292267589498709,0.0297966861864534,Parcel_111
0.0515465956174263,0.0482707281170546,Parcel_112
0.0516791807754349,0.0526323651454208,Parcel_113
0.0721613106135153,0.0774266713242104,Parcel_114
0.030670218814815,0.0325207839221175,Parcel_115
0.0800538861879653,0.0817143055845769,Parcel_116
0.0841678383698446,0.0811773903856231,Parcel_117
0.0963220167231866,0.0996524982446008,Parcel_118
0.0490631226992555,0.0456826933894235,Parcel_119
0.0770212396372269,0.0751686593436841,Parcel_120
0.0316343000822968,0.0338760984626639,Parcel_121
0.0443353875096341,0.0487643787721687,Parcel_122
0.0531376114090254,0.0496784558593705,Parcel_123
0.0802073950780105,0.0753708557639358,Parcel_124
0.0527671775697458,0.0430120633582885,Parcel_125
0.0969420220920148,0.0844187224922992,Parcel_126
0.0306511758943224,0.0306567760780275,Parcel_127
0.0597825121899767,0.0625147053541087,Parcel_128
0.0414193791600354,0.0457008175290213,Parcel_129
0.0498857362998053,0.057290283389714,Parcel_130
0.0388176576397436,0.0436486625791463,Parcel_131
0.0470978006287165,0.0496554608260573,Parcel_132
0.0513472544954766,0.0475749558966761,Parcel_133
0.0609477678485563,0.0567508040334108,Parcel_134
0.0533083073023835,0.0517363815406839,Parcel_135
0.0425852369826094,0.0391457321601881,Parcel_136
0.047076087916777,0.0466493291586826,Parcel_137
0.0651905305334178,0.0665599860855821,Parcel_138
0.0448123130153874,0.0445586493898862,Parcel_139
0.056904472678272,0.0564704342583447,Parcel_140
0.049853824246001,0.0513259952203385,Parcel_141
0.0533271554793926,0.053001830750903,Parcel_142
0.039411297844503,0.0418967086607195,Parcel_143
0.0486041351185569,0.0537580965837148,Parcel_144
0.062552716678122,0.0544566354163655,Parcel_145
0.0501611953280236,0.0458793638150186,Parcel_146
0.0505450638307082,0.0447833339755281,Parcel_147
0.060352307430481,0.0517844686268281,Parcel_148
0.0485956989908254,0.0448753735566973,Parcel_149
0.073575389987216,0.0660616913936044,Parcel_150
0.0409245848262256,0.0418015586588884,Parcel_151
0.0514573084901497,0.0516823384601586,Parcel_152
0.0356616102718724,0.0351965660360008,Parcel_153
0.0518902294790555,0.0496057007316359,Parcel_154
0.047874716700358,0.0457212377846452,Parcel_155
0.0643627008311081,0.0592394900865753,Parcel_156
0.0714197401782334,0.064701108225741,Parcel_157
0.0570903519539912,0.0525052166600083,Parcel_158
0.0629605497910446,0.061138674790992,Parcel_159
0.0632279267230472,0.0598369496489535,Parcel_160
0.070004820562608,0.0615383292626107,Parcel_161
0.0694996680505006,0.0645255689787118,Parcel_162
0.0561833379974107,0.0516199138078511,Parcel_163
0.0507418879358232,0.0500329922731576,Parcel_164
0.0694830340200027,0.0621471529217687,Parcel_165
0.071494985015219,0.0650157335707854,Parcel_166
0.059046542108223,0.0585917560566721,Parcel_167
0.0649858124979699,0.0619491100766805,Parcel_168
0.058951518896407,0.0550149114958125,Parcel_169
0.0625016638679599,0.0593100132386005,Parcel_170
0.0553167860607332,0.054598197110811,Parcel_171
0.0568391461831591,0.0545792839142749,Parcel_172
0.0596622853447565,0.0611227366125396,Parcel_173
0.0505004728184642,0.0506360702837902,Parcel_174
0.0182902312753038,0.0194349173011692,Parcel_175
0.0312179722578981,0.0358688516542542,Parcel_176
0.0314021460666367,0.0309038823594129,Parcel_177
0.0513786174609196,0.0486629632832751,Parcel_178
0.0184749692340384,0.0189946184645526,Parcel_179
0.0193595685284576,0.0203557774662666,Parcel_180
0.0319121395276764,0.0346841916976455,Parcel_181
0.0317718836182466,0.0311885880726058,Parcel_182
0.0248054103989784,0.0265390011612173,Parcel_183
0.0191654597953051,0.016865961383773,Parcel_184
0.00890003443243972,0.00849568061178203,Parcel_185
0.0052624648676446,0.00612550999069934,Parcel_186
0.0407919140749371,0.0412870562626964,Parcel_187
0.0511538145407944,0.04957108702877,Parcel_188
0.0564181799460289,0.0508172110284178,Parcel_189
0.0200188840673833,0.0166613142912796,Parcel_190
0.0466535007118554,0.0437212282395018,Parcel_191
0.0369518481624284,0.0339703134019062,Parcel_192
0.0442978300289186,0.0403826589446067,Parcel_193
0.0558856698131044,0.0506160973529449,Parcel_194
0.0615510943936925,0.0569054379407201,Parcel_195
0.05025065948307,0.0439681768568957,Parcel_196
0.0505054937336466,0.051720243985876,Parcel_197
0.0513806468816645,0.0499141622314041,Parcel_198
0.0414349216748094,0.0411715689336597,Parcel_199
0.0530910247173669,0.0522376213084566,Parcel_200
0.040403879475005,0.0400888978753579,Parcel_201
0.0512409246775681,0.0495181504754914,Parcel_202
0.0342043888738222,0.0314958792327921,Parcel_203
0.0361647119677679,0.031870813425346,Parcel_204
0.0545060553530981,0.052467304258224,Parcel_205
0.0583160123182563,0.0582481643738946,Parcel_206
0.0491614174957725,0.0454288024000512,Parcel_207
0.0494390502540936,0.046286612686606,Parcel_208
0.0473220365961702,0.0471447657372072,Parcel_209
0.0447816790989424,0.0437892468004659,Parcel_210
0.0325507375111561,0.0328160685351887,Parcel_211
0.0386637573328461,0.0381471514512841,Parcel_212
0.0234846098718462,0.0223045889515665,Parcel_213
0.028028135657206,0.0283128903442496,Parcel_214
0.0450455766803895,0.0409350523501974,Parcel_215
0.0604176240801449,0.0563916409202453,Parcel_216
0.054538263717822,0.0519854756972896,Parcel_217
0.0543638572340465,0.0503156968660695,Parcel_218
0.034170073966035,0.0332489799641163,Parcel_219
0.0417255922355584,0.0411687002703947,Parcel_220
0.0537800633785163,0.0457675678671355,Parcel_221
0.0632241581820307,0.0497605341089141,Parcel_222
0.0450494765427647,0.0419218653346847,Parcel_223
0.0461515911817419,0.0413630456169674,Parcel_224
0.0503450800226512,0.0518388112590602,Parcel_225
0.0537005319012149,0.0549170479763591,Parcel_226
0.0346149241639732,0.0351555055847333,Parcel_227
0.0391512886250516,0.0368358215206842,Parcel_228
0.015085367827066,0.0158704963951001,Parcel_229
0.0300642268569952,0.0274409147261399,Parcel_230
0.0261904985596316,0.0259189592794117,Parcel_231
0.0329537684424763,0.0323563972361692,Parcel_232
0.0454447172346209,0.0425964878638767,Parcel_233
0.040611880418346,0.0381458694959752,Parcel_234
0.0323687406660624,0.035649193969452,Parcel_235
0.0231143168932023,0.0234896609782485,Parcel_236
0.0457241007300761,0.0468234288773147,Parcel_237
0.0416699254701811,0.0463740657606786,Parcel_238
0.032917030076008,0.0336837742093915,Parcel_239
0.0445079177559834,0.0430809281506932,Parcel_240
0.0480332311184182,0.0451761508370447,Parcel_241
0.0819786245254595,0.0801063775770152,Parcel_242
0.0253357599835111,0.0268206239887447,Parcel_243
0.0168208430694695,0.017869796359876,Parcel_244
0.0244555350458744,0.0212856497024626,Parcel_245
0.028537163547297,0.0283212082034275,Parcel_246
0.0368112052475592,0.0353743118962226,Parcel_247
0.0544191233346589,0.0500886413212945,Parcel_248
0.0383692098786466,0.0368046234846275,Parcel_249
0.0471512842030881,0.0463084621831446,Parcel_250
0.0487792916106769,0.046901528928044,Parcel_251
0.041235110945648,0.0431392121561281,Parcel_252
0.02870113653047,0.0289151675015392,Parcel_253
0.0322078751358496,0.0305895769665248,Parcel_254
0.0369206920412767,0.0343502923344677,Parcel_255
0.047201896581706,0.0464715828862589,Parcel_256
0.0560219912199958,0.0523857585145303,Parcel_257
0.0432901481080381,0.0420288525655013,Parcel_258
0.034882951305656,0.0326930459314791,Parcel_259
0.0427915042695064,0.0404438685900071,Parcel_260
0.0211992242100693,0.0210112419959841,Parcel_261
0.0256768529833633,0.024731069757865,Parcel_262
0.0195555012842748,0.0186220130113778,Parcel_263
0.0376595934400772,0.0382816412173284,Parcel_264
0.0259284040085359,0.0290450287015733,Parcel_265
0.0380086319499167,0.0388830112061027,Parcel_266
0.0133272878013406,0.0137626142456718,Parcel_267
0.0167867527560559,0.0169909094387837,Parcel_268
0.0178154865494736,0.01782670831698,Parcel_269
0.0195119756022386,0.0195390534301663,Parcel_270
0.0210693356131913,0.0231165413122883,Parcel_271
0.020139429394074,0.0206316018453683,Parcel_272
0.0357386508791889,0.0381469003544856,Parcel_273
0.0458979611384384,0.0475687903075788,Parcel_274
0.0394751862506396,0.0454413970265935,Parcel_275
0.03654696757278,0.0434264539633898,Parcel_276
0.0484989996448905,0.0455709649816247,Parcel_277
0.0448802354036843,0.0433164199248521,Parcel_278
0.0368632717705063,0.0392693088839143,Parcel_279
0.0424354002023343,0.0432350947980616,Parcel_280
0.030195618456743,0.0306882338349437,Parcel_281
0.0258118537245129,0.0256963287859774,Parcel_282
0.0398764256012639,0.0389545309090696,Parcel_283
0.0691407923040188,0.0682871627483548,Parcel_284
0.0329912396009573,0.0351160513257348,Parcel_285
0.0454204700195478,0.0476771493267939,Parcel_286
0.0353571879906575,0.0319372697504213,Parcel_287
0.0341124386887418,0.0300179378886922,Parcel_288
0.045000514791151,0.0427977781067933,Parcel_289
0.0509276360827789,0.0510676178719123,Parcel_290
0.0345800199101143,0.035713488903001,Parcel_291
0.0529952771059829,0.055204570620416,Parcel_292
0.0341895438325273,0.0356744292346956,Parcel_293
0.0384071908681219,0.0390121768671279,Parcel_294
0.0407640419956307,0.0417007424117788,Parcel_295
0.0446475354294587,0.0443315377573786,Parcel_296
0.0452021943741729,0.044021796578121,Parcel_297
0.0469963991295685,0.0427856661198509,Parcel_298
0.0436580410809842,0.040418979021174,Parcel_299
0.03634062445432,0.0349621602258645,Parcel_300
0.0470728920833557,0.0447288467981784,Parcel_301
0.0518727461710787,0.0493289238384123,Parcel_302
0.0477865949145633,0.0493861748342924,Parcel_303
0.0515285092441979,0.0559098116863644,Parcel_304
0.0564222212428175,0.052086119973875,Parcel_305
0.0410711426581328,0.0374142397099138,Parcel_306
0.0282878458189562,0.0297792692849011,Parcel_307
0.0613196656191448,0.0621893046603895,Parcel_308
0.0376887934439162,0.0388736748092631,Parcel_309
0.0378004700970582,0.0359011870144757,Parcel_310
0.0280346280598331,0.0327341186512843,Parcel_311
0.0276246302370448,0.0321616090672487,Parcel_312
0.0373875166100474,0.0423781460987161,Parcel_313
0.0263628003137474,0.0298333745874936,Parcel_314
0.0261031369051267,0.0326377624606739,Parcel_315
0.0370720669852828,0.0433120228462213,Parcel_316
0.020541020865754,0.024896837225698,Parcel_317
0.0355613499882915,0.0395482296009802,Parcel_318
0.0323500628914746,0.0363117960327506,Parcel_319
0.0455060011537582,0.0425603988599425,Parcel_320
0.038717787251565,0.0389085873792934,Parcel_321
0.0483705243628405,0.0481999975001015,Parcel_322
0.0535597005357111,0.053217871784985,Parcel_323
0.0617065847864286,0.0630863880864588,Parcel_324
0.0417038964523811,0.0438929437858792,Parcel_325
0.0433454086626444,0.0445268771513477,Parcel_326
0.0167076255714272,0.0187389102515216,Parcel_327
0.0132730216176224,0.0163993089917904,Parcel_328
0.0179937622399935,0.0203608515426064,Parcel_329
0.0376477470094662,0.0411880616755964,Parcel_330
0.0266838184876419,0.0264230174645268,Parcel_331
0.0121069733621141,0.0131397130485894,Parcel_332
0.0495254813953147,0.0484498015856794,Parcel_333
0.0486771079026733,0.0474026459971983,Parcel_334
0.0372209371783702,0.034099897768148,Parcel_335
0.0388062762514762,0.0367918286536239,Parcel_336
0.0462379612319294,0.0407416421034202,Parcel_337
0.0641857405705034,0.0515395577806264,Parcel_338
0.0558136924374711,0.0519055046109775,Parcel_339
0.062962754558897,0.0604014929231604,Parcel_340
0.0489226774605589,0.0448100636688049,Parcel_341
0.0500165093498964,0.0464837009511769,Parcel_342
0.0233804733978768,0.0250994730432964,Parcel_343
0.0207411644558883,0.0207159288887039,Parcel_344
0.0335758219999651,0.0290769405644099,Parcel_345
0.0521912409973345,0.0477581220066617,Parcel_346
0.06255406257382,0.0557842692276581,Parcel_347
0.0569733125327547,0.0529804317419184,Parcel_348
0.0292292910354187,0.0283387477313024,Parcel_349
0.0362863313115077,0.0329189295377451,Parcel_350
0.0372486866648493,0.0347466076608099,Parcel_351
0.0427443180128835,0.0413788471601218,Parcel_352
0.0221138810269952,0.0225969674839644,Parcel_353
0.0266115207350247,0.0256097672327961,Parcel_354
0.0230652213388133,0.0200342366885965,Parcel_355
0.0262765541538165,0.02716732903497,Parcel_356
0.0584052213139745,0.0538871632541965,Parcel_357
0.0793380139782941,0.0722783360281946,Parcel_358
0.0569030298159673,0.0553038651338815,Parcel_359
0.0699584193730902,0.0712071657584049,Parcel_360
0.0349070817366683,0.0347210554135338,Parcel_361
0.0275706336312566,0.0301912895942022,Parcel_362
0.045611214224597,0.0399354861300735,Parcel_363
0.0456638599610997,0.0406750565388653,Parcel_364
0.0668078577303074,0.0620328231343003,Parcel_365
0.0629487916918918,0.0599157893627978,Parcel_366
0.0280111909406684,0.0284009513221255,Parcel_367
0.0465987039784827,0.0449305691877998,Parcel_368
0.0443820410853186,0.0400429281842038,Parcel_369
0.0461640545455281,0.0424728802006265,Parcel_370
0.0228153840566256,0.0272603860296517,Parcel_371
0.0315298774748832,0.0354433353033947,Parcel_372
0.0441072713985609,0.0395081603781832,Parcel_373
0.0324981792288157,0.0281881369132081,Parcel_374
0.0107767583138456,0.0086900343351847,Parcel_375
0.017375359597299,0.0173491122651231,Parcel_376
0.0323663034095598,0.0310764122133813,Parcel_377
0.032815766130327,0.0299668957124763,Parcel_378
-0.00623113549306759,-0.00540730797921921,Parcel_379
-0.00689947442980846,-0.00267390586073873,Parcel_380
0.0135043310755992,0.0137081037838409,Parcel_381
0.00469025580315954,0.0082765932315027,Parcel_382
0.052021388141193,0.0500051229504302,Parcel_383
0.0756640217351775,0.0783586243185594,Parcel_384
0.0454622936354001,0.0439560256490447,Parcel_385
0.0286659048420289,0.0311767894925771,Parcel_386
0.0279207175993291,0.0301240677199124,Parcel_387
0.0365650047734007,0.038041264375632,Parcel_388
0.035022760888419,0.0350078165408282,Parcel_389
0.0461819797652585,0.0502747160787943,Parcel_390
0.041491080729879,0.045696823307851,Parcel_391
0.0430218898638935,0.0452662231934173,Parcel_392
0.0294909736523837,0.0364249555402296,Parcel_393
0.078481136743807,0.099531628256627,Parcel_394
0.0235000313670304,0.0310597575586272,Parcel_395
0.0250506799640448,0.0290106976044201,Parcel_396
0.0423783770786087,0.0491398304432801,Parcel_397
0.0215515649624075,0.0267357253587315,Parcel_398
0.0254104633331146,0.0288017889787764,Parcel_399
0.030131406981009,0.0275422130168321,Parcel_400
0.0252733015640616,0.0288733290913432,Parcel_401
0.0247071504862953,0.0295715044107521,Parcel_402
0.0363164000776406,0.0375056365680199,Parcel_403
0.0264225944713534,0.0311563968880972,Parcel_404
0.0152282944007016,0.018535474692458,Parcel_405
0.0346005398490587,0.0347477674803941,Parcel_406
0.0293744639361953,0.0335544404057528,Parcel_407
0.030078218551804,0.0322549349041799,Parcel_408
0.0396150021813559,0.0375748090025063,Parcel_409
0.0365703458633813,0.0397364704388644,Parcel_410
0.0360006717028083,0.0400183575535983,Parcel_411
0.0207047073324517,0.0196913474379376,Parcel_412
0.0360718317639526,0.0417262622589006,Parcel_413
0.0272938315953077,0.0259666853983858,Parcel_414
0.0232888322842263,0.0206469940590955,Parcel_415
0.0221246465463251,0.0200069694909448,Parcel_416
0.0319330377858262,0.0246605903586417,Parcel_417
-0.00127878953134092,0.00872449449380503,Parcel_418
0.03323803451699,0.031870678491567,Parcel_419
0.0376320165428973,0.0397200764268301,Parcel_420
0.0353316069948209,0.0349060349404617,Parcel_421
0.0631783000590494,0.0622977653914632,Parcel_422
0.0453290346968062,0.0446347282646784,Parcel_423
0.0363121521989767,0.0402954732476134,Parcel_424
0.0590677308709299,0.0617327401520129,Parcel_425
0.0248444370654649,0.0316001637496076,Parcel_426
0.0602621174289728,0.0606279918404015,Parcel_427
0.0544772519512888,0.054758130347722,Parcel_428
0.0526449778904611,0.0516978317870392,Parcel_429
0.0492606935071908,0.0497291875590357,Parcel_430
0.0336488007983444,0.0405857444778912,Parcel_431
0.0686193267289185,0.0707058621373632,Parcel_432
0.0577183044064975,0.0720022845427851,Parcel_433
0.0534306396727673,0.0579167545852613,Parcel_434
0.094704155148412,0.0933140717876052,Parcel_435
0.0205612545758657,0.0207330790425671,Parcel_436
0.0566291999823002,0.0585319706744236,Parcel_437
0.0313579099845657,0.0331952310024234,Parcel_438
0.0458825623349846,0.0537056951698784,Parcel_439
0.0710981681075826,0.0731310964776732,Parcel_440
0.0355281709751074,0.0388680414191538,Parcel_441
0.0329244289177902,0.0347725653602659,Parcel_442
0.039411573234698,0.0384216077320117,Parcel_443
0.0365172937378739,0.0385756992035979,Parcel_444
0.0372209031884468,0.0382278787883369,Parcel_445
0.054515075691117,0.055803677741112,Parcel_446
0.0410385366102002,0.0429023392033602,Parcel_447
0.005780955575013,0.00988000525440774,Parcel_448
0.0129774203083099,0.0167899846251505,Parcel_449
0.051663141010746,0.0544604435204311,Parcel_450
0.0490212748174687,0.0543861546304628,Parcel_451
0.0641896386632133,0.0725495762429115,Parcel_452
0.0628216097794703,0.0604660246968132,Parcel_453
0.0392171384675908,0.0482959998043185,Parcel_454
0.040978687330674,0.0527527208335134,Parcel_455
0.0235157940478186,0.0372253363874205,Parcel_456
0.045232994534942,0.0502618093491167,Parcel_457
0.0265057986861637,0.0263994854395087,Parcel_458
0.0329366605807917,0.0336242772397104,Parcel_459
0.0495929954584811,0.0410418158266555,Parcel_460
0.0465161227642359,0.0495567429057442,Parcel_461
0.0290424469344557,0.0282301774939922,Parcel_462
0.0537694572075992,0.0552594981700417,Parcel_463
0.0653361773429609,0.0614721027064038,Parcel_464
0.0328336455159211,0.023554611621083,Parcel_465
0.039324656861558,0.0331597266651951,Parcel_466
0.0319287742625761,0.0276292864973466,Parcel_467
0.0394328945037123,0.0352456562781032,Parcel_468
0.040367901409692,0.0395760030171767,Parcel_469
0.0728607031284282,0.0686568154638771,Parcel_470
0.0332270468685869,0.0300168716523018,Parcel_471
0.00326880866983987,0.00400639668470565,Parcel_472
0.0362148829915363,0.0406598534836846,Parcel_473
0.0266537645239322,0.0312611528462466,Parcel_474
0.0668048089070921,0.0752960482738906,Parcel_475
0.0733205399693774,0.0729484738253848,Parcel_476
0.0167535826770687,0.0199917428944554,Parcel_477
0.0253848305729715,0.0263424183453543,Parcel_478
0.0134878453357946,0.0102333627391135,Parcel_479
0.0349670055946969,0.023698196398719,Parcel_480
0.00447925015941278,0.00461754434080362,Parcel_481
0.0620460881939243,0.0600187326608985,Parcel_482
0.0247752108640666,0.0234146345955131,Parcel_483
0.047281677957596,0.0585583781226817,Parcel_484
0.0204413141631044,0.022875763923662,Parcel_485
0.0169756042659508,0.0168473573478498,Parcel_486
0.0188415162493153,0.0202321109856928,Parcel_487
0.00965183566220253,0.00998666699716376,Parcel_488
0.0325099039293392,0.034702490156118,Parcel_489
