component_01,component_02,component_03,component_04,subjectID
-21.5275313203305,15.9744025470421,-19.6991687322967,16.4781510072759,row_001
4.53298530348286,-11.9667943845789,-7.17093596325831,5.52696531245079,row_002
-10.6236475325301,18.2315276568944,-3.71283639176236,6.65882553546463,row_003
-11.8245878640961,10.2486319599173,-8.51841460720529,8.37756022715523,row_004
-9.42934192958995,5.9161958376167,-5.54548769528722,2.53968638304912,row_005
1.27930802636339,-3.22387666431433,-6.51501704130264,6.81098817270393,row_006
30.8108098439794,-31.2852363283591,38.8927357429113,-45.9989857062188,row_007
2.77037142256554,-1.00623528382614,8.2847007858622,-3.99995662802281,row_008
-7.22396701112308,-2.97553382257761,-13.9065388977971,12.1041505740359,row_009
-5.10126675317429,4.01581698408429,-2.54960414390374,4.48772084198711,row_010
-16.17358642457,7.43966044290997,-25.6802035970001,20.1067937491525,row_011
0.04201096073457,1.22865151414481,4.82758830105139,-6.81378209030061,row_012
-7.74231880341851,1.45713956254554,-23.5251356864416,16.548406432239,row_013
4.35903040664785,-5.10163112866651,-3.20066108353974,3.76323509088437,row_014
29.20242435213,-25.9410916285471,20.3446701404942,-21.0610720764695,row_015
1.62332591441371,-2.34992278635974,-5.3440349095963,5.8657578966849,row_016
-6.0023594621457,-0.950143148262443,-9.59848987139891,2.33228915498664,row_017
-6.22669198011773,6.88838579089942,-0.434709894678231,4.08399483069629,row_018
1.1181655501102,-2.7857720515493,-14.9838844371541,12.3740413515956,row_019
-81.8933139751141,65.8072268332508,-95.5308276850756,85.6605553851423,row_020
12.5207064538794,-9.28236397047051,6.53106691259108,-9.75146154811401,row_021
33.7864090871357,-27.9415592013106,21.8450964219068,-20.6259361991486,row_022
7.29824839811721,2.95331642227683,18.5256631046371,-18.6660359125314,row_023
-2.95415972704618,0.671005958147662,-14.7765460965491,8.1794784431125,row_024
-38.9156795884583,33.1426998359833,-43.4381990170894,45.9187212378735,row_025
-15.1107833146163,14.9346801317452,-12.553765320775,13.8636344973707,row_026
31.7584352620309,-32.8402038840921,16.4501977326429,-21.1371138082271,row_027
-20.1398889348281,23.0625759595359,-16.7456516976164,14.4475083003254,row_028
-17.0451316578775,13.0234634713966,-19.1525810822967,16.8061015971862,row_029
-31.410443982658,20.094841683889,-31.0029392221884,17.5551988667026,row_030
-13.2487407410298,14.0487902820047,-2.75322931395023,3.13817451783447,row_031
-2.03585406610907,-0.137794388054293,-20.5536323026579,14.5750988729677,row_032
-21.3587731196869,13.9926557359206,-20.48116051377,16.4262599508326,row_033
-54.2123642224734,42.7277760528847,-51.0120184935965,48.4547826703678,row_034
-19.6437209668329,13.4914165452242,-20.833578693185,17.7492077449004,row_035
-16.0345770160445,17.1964041476524,-13.085237057004,12.3592260763268,row_036
-13.0729422047531,12.3120418035779,-3.32391533967981,2.85397281198972,row_037
-19.7855551661538,19.4516334015964,-16.8289824415159,19.9169230713934,row_038
27.987091284044,-28.8798529976142,16.7444990821023,-18.5470538011036,row_039
-11.8086307275922,1.71626382908271,-17.6556472038897,17.2424802043297,row_040
-23.8956459276103,16.7432376765062,-14.1808630265587,11.1936483135629,row_041
2.4954739156617,-8.13264218405551,-11.1394894052181,1.06244055524875,row_042
-5.06542099417923,-3.36109135254557,-9.33556056026517,5.76861619290679,row_043
-4.13846963755859,3.14056819254178,-1.81196144477679,-3.38853589150375,row_044
5.18714050875192,-5.80082498493234,1.42208137235215,-8.90660024794826,row_045
10.0536034797803,-9.0728494218056,8.91858287337791,-7.68750321594959,row_046
-25.9882064985265,20.2008564028593,-29.1901549930397,25.6530135125277,row_047
15.8930058419617,-13.0742578583146,16.6249269216077,-13.2749503846222,row_048
-14.7976845517414,13.0758836465917,-9.31701938843074,6.79094603146007,row_049
-15.6183363360835,13.402142344929,-11.2523410359184,12.3910754821013,row_050
-42.1071085996108,35.5289399515462,-44.0096821182893,44.1347729919169,row_051
3.46228201847845,-6.77268265829347,0.864315698220419,-3.26074632195396,row_052
-5.84786252123099,-1.9900532807952,-11.8738944200511,6.61928871365843,row_053
-10.5796153894268,3.25291905661384,-17.1163476924471,13.3275147441217,row_054
-7.22286109686618,3.29641256154984,-4.28933992348863,7.58836002112476,row_055
8.65208789207258,6.20847720566803,33.7205925422257,-10.6256876640318,row_056
3.27373519740717,-11.60167005206,-40.2495543546164,19.6241747296129,row_057
23.1101089558015,-23.5232246795607,8.78532906556194,-12.2126463781646,row_058
-11.7045693116791,3.05194713152069,-27.777853490719,18.8033715746695,row_059
-20.5262893938451,20.5050639892744,-17.2005853476418,22.6953516375377,row_060
-51.2710530602364,40.1502029418293,-35.7665067642499,24.5701840345227,row_061
-13.9866354841298,8.24331467092806,-19.9734889671133,11.8208580073384,row_062
-15.2073827674035,10.1560721980882,-23.7219891556213,25.4317633015868,row_063
1.39995192947096,-3.10740386619385,2.60943697197298,-1.80091375759476,row_064
-17.0360010416335,18.6034443876443,-0.639683630783687,6.16747305662672,row_065
-32.4539212785713,28.074135560987,-14.7619924877863,20.1830857082698,row_066
32.3160558655081,-34.3452968572911,10.2749010241699,-17.5083928718018,row_067
-8.5632059270647,1.67083196343966,-19.3176915877692,4.62735645742524,row_068
-8.44525391802202,2.28241960083148,7.77338658114824,-13.3316413566295,row_069
-23.7233868518353,18.4488278911049,-24.7717847962052,25.1151450234362,row_070
-44.238445657877,39.645616059505,-20.6906075911013,24.4946842335156,row_071
-31.2594474976196,31.0570699751437,-12.2566395978816,15.7253656808236,row_072
2.59511367385084,-2.65013222938989,-2.66246880196638,3.31024377364527,row_073
7.61243618905867,-7.25990274938198,6.13479392121546,-5.5977362759474,row_074
-11.8251695249992,14.1793643144296,-2.90023544064199,7.02492356562053,row_075
-51.3450977344719,37.8564138115456,-40.2844941429613,38.3093675716065,row_076
20.8165493678534,-24.7470723877829,-5.40213818208104,-6.86084732041777,row_077
5.96615267099254,-11.667714871439,-1.60630810142641,-5.38665389452709,row_078
-24.7228949976763,30.7963246111639,-17.3915877369447,20.8695769275586,row_079
-35.0976327191749,18.2363053238517,-44.5397402099772,30.6263258917497,row_080
-7.74036231626137,4.9431816620263,-13.4805449467784,18.046691691521,row_081
-31.3197547395426,27.8592768193143,-20.3496262845097,22.953827929548,row_082
-15.5445147437769,17.0081322992484,-17.543643715356,24.508925649851,row_083
4.68408665103161,-2.07895773120118,8.29650776757105,-9.8222720690774,row_084
24.1440310608499,-22.2668188557136,3.03771151008226,-2.4052021379631,row_085
-38.7602858660473,24.3362959765111,-26.074290474859,22.4255866487066,row_086
0.231963855705788,-0.920388635152014,2.59784285322584,-3.36241517855699,row_087
-18.1888178448645,16.3388046180625,-7.19192358787156,7.6042274740376,row_088
-12.2892623647792,6.24968397899272,-16.2459722499348,15.0251033573677,row_089
-33.755035231401,40.385974943861,-12.6782529214888,16.7285744326682,row_090
-20.0115947742079,23.2366470102259,-21.752667318449,27.9243448571476,row_091
-9.45414794732961,5.2031496385335,-17.9320067525351,14.5039189180567,row_092
-15.1264006375655,11.3558573104378,-5.73923927504953,10.307618457125,row_093
8.54206508121542,-4.26776554908775,7.29145120081046,-1.90466513608924,row_094
10.6177690727606,-11.3763380170138,4.88871709177994,-6.0672703551604,row_095
2.21455970285528,2.26193189046667,4.921209063012,-2.22977518611043,row_096
21.2830801857223,-19.6483268557602,10.101542957926,-10.9071906956628,row_097
-34.1133632646321,37.0989228772376,-10.1753764890963,17.5486429264256,row_098
-37.2375793936725,37.9430897837583,-20.8307309396072,21.8470310227629,row_099
5.72787213901839,-10.4844069203931,-2.40511866183219,-6.0525782271132,row_100
-36.9970543667906,24.3384296125526,-39.9570694217919,39.4965617840939,row_101
-27.2134532898967,18.676126070847,-25.5875551280138,22.7419047374058,row_102
-15.1106751184492,12.9824122695174,-3.62825058785872,4.82238510444368,row_104
-10.7669151959131,12.630829974386,-11.0136953683027,11.3162468795987,row_105
1.71224107813643,5.76271357633112,7.41242919420288,-2.97374180718012,row_106
-18.5596385367779,15.9941579009504,-18.3773705388269,18.6965300434998,row_107
-6.07953822355376,6.63122714214974,-13.2539618660288,9.31950290904805,row_108
10.8168308537173,-8.76180614033707,13.6221597408373,-11.7570181264736,row_109
-12.7060551073989,9.81790839246117,-15.9351782501205,13.3431573044699,row_110
13.0907433225061,-8.82387987577706,7.75650946064627,-5.89804571501886,row_111
-45.7318812690003,33.7179984224289,-41.3545496374052,38.0711955513593,row_112
46.3836342579892,-34.7139277628621,29.3914970177655,-22.9273999947718,row_113
6.19169120030386,-1.55022725533448,7.12194221269034,-1.6800080951686,row_114
-43.664103996205,38.9649930884227,-31.7982307941558,27.1590059982526,row_115
36.3036348390218,-48.657733905065,-1.85758237609528,-8.41288190692851,row_116
-2.73897788353623,7.57259971798805,-11.6206225174188,18.7501552863144,row_117
4.85526319228107,-11.5904882645606,-2.83500100242372,-1.20624678247613,row_118
-19.0146505074787,17.5240246219444,-19.3239079152046,14.5445511791266,row_119
-21.2606624881162,26.2703296616608,-18.759197584786,23.3530625418035,row_120
-4.22395011883478,1.87203147444851,-9.20068954831813,11.4507063294045,row_121
-11.149647599377,13.827269989247,-7.87138184563599,11.1549362719565,row_122
7.88494810939897,-1.36951076421587,17.4625944110648,-11.454375222778,row_123
-34.4225657213215,21.4895481565974,-31.8980810801648,22.3390284556684,row_124
8.73194650328296,-3.81093949873682,12.3439813288618,-10.41685178338,row_125
-28.7894190567599,34.6200075341206,3.17742764361066,4.65288709279436,row_126
-0.577006090536114,-12.2285374607113,-25.5582549200607,15.268862366228,row_127
7.36173731004485,-8.32549062430918,-11.5749447354763,19.4585661198705,row_128
-75.5616474471432,62.039157971164,-73.989477681568,72.3509463435978,row_129
9.96670391709098,6.67614668339064,35.4843375999585,-25.2076642995187,row_130
-25.1573271893349,22.4543282380345,-31.0818997310716,31.5314289242992,row_131
-16.4091363544515,8.95881342275692,-23.814146033096,21.9221111475071,row_132
-19.7339611929552,19.3801142348263,-19.0921668419873,22.4540913699042,row_133
3.56071358947495,8.16346916607253,19.3879053764336,-6.91480354818298,row_134
-15.7734369759541,14.1808433653202,-17.6787158280154,14.5322885321024,row_135
-12.0137170502975,8.93036433317891,-12.2782615406462,8.2672511797342,row_136
-32.4773842728587,28.7880853475866,-20.2864338095372,17.9663422132675,row_137
-0.358305769008249,-6.83473400905804,-6.01478500881054,-0.753085584149072,row_138
29.2102097601689,-22.1265405658398,14.4943295066939,-12.1817709592903,row_139
-29.265820640639,21.7338065516988,-27.2532080537296,22.2322346367587,row_140
4.32956107387563,-6.28863851457024,-0.316558951675463,-4.29520161225293,row_141
-6.17774335895041,3.57941827938687,-8.28680536410805,4.23132010952654,row_142
-13.3895019846881,10.4352978660186,-7.81211627406408,7.27628317365415,row_143
-27.0196371565999,18.7144406958827,-35.8297278132514,31.9225859084608,row_144
-1.31279875513739,-2.99324104109914,-15.4519078549547,7.546942459107,row_145
-2.17380246159445,-0.929822931829307,-4.73375054086155,2.17923860352351,row_146
-23.0498370119345,19.6314884600726,-20.5632149384397,15.2432026354306,row_147
-14.4825024862664,14.6225723789267,-3.5459477796938,7.75129190525728,row_148
-13.2415498124897,19.3911314666569,-0.328115097758979,4.36353202960412,row_149
-28.9431335052126,26.8301961950209,-34.0374560605631,35.1450572553908,row_150
0.200469812380685,4.43863664593333,14.3231005671358,-13.2512273817537,row_151
-42.5706176865641,32.6300105994788,-28.1712084105376,21.6723972252623,row_152
-4.75973715490174,5.75329290849581,5.0512525986839,0.901913546774185,row_153
-5.35107520605191,3.7804430310138,-3.1926491220244,3.0736876794332,row_154
-0.120071961814526,6.79844723146393,-5.52049074387727,10.8294843465539,row_155
25.0250911617955,-24.5935840655308,21.7818251367304,-21.3324722739029,row_156
-1.46591055227708,2.48960588480111,10.011441676163,-6.40075301050668,row_157
-7.73879645868658,13.541170066145,4.64331956302301,-2.79465256035614,row_158
-10.6412749075674,9.27913756240769,-2.24834724830596,3.83980706622041,row_159
-5.01959422066975,-0.581573568967953,-5.17496004690445,3.10157451399349,row_160
-8.0211762665327,7.01289409122553,-2.28648465497366,2.07618474890445,row_161
-16.29184611607,11.3911362067107,-20.1697476675083,16.2649093840141,row_162
-12.086151614353,11.77346350912,-3.39912466826731,10.9182581138813,row_163
-21.3896916622452,18.4031894422089,-25.7466656726596,23.8747727902421,row_164
-30.8073317091742,25.3364023679673,-17.8907660895911,17.4957459423282,row_165
-5.63336096970479,1.1207276191756,-7.64389733557575,5.25618173297136,row_166
-19.5787654679986,21.8315339754276,-3.1851115187649,7.85897620962229,row_167
-26.7758437230485,21.5546520793773,-17.485415157315,11.9327391177176,row_168
16.5195239081856,-24.7724111729088,-9.4602594093428,1.76125858084926,row_169
8.82393336943468,-9.5306149319497,-16.4836424251806,12.3148923033529,row_170
12.4144207827389,-16.5425951337063,14.8961592436072,-20.4442842219879,row_172
-33.2362236348401,30.099183928325,-21.7176908300443,23.6289912108341,row_173
9.88937542961259,-13.2662690755461,-12.736301398069,9.97679812222001,row_174
-10.9981882094547,7.65775067217969,-22.4871968357087,22.8502603602393,row_175
-17.8179451844247,20.357546317451,-5.72469948289173,7.18390130450053,row_176
-18.6209502460557,14.573223468467,-15.4990230488871,11.7581492706301,row_177
17.4338007026733,-20.2141596213716,8.0988726015983,-10.3507792784367,row_178
1.54531586599604,1.0681561141089,3.03565745634722,-1.00578949505738,row_179
-19.0178531254402,23.9548743156554,-11.0737986705259,13.0328004925707,row_180
-1.62140253153327,3.64317518966517,-5.10345777452141,3.76475795777148,row_181
-10.0268867953162,6.79868818531115,-2.58852837565919,2.94999017743222,row_182
5.05608543311553,1.4232857594438,-1.47663013099512,2.68088577538499,row_183
-10.0244137210161,5.61723312681598,-8.72942239184242,5.84409477907235,row_184
-20.0198151146521,23.2341214814463,-17.205226137926,21.7085820306469,row_185
-13.2665214537121,11.9569403347445,-7.75269760342554,9.43242807796252,row_186
-54.4446311721357,51.001404859241,-32.9414077599739,39.7324468898941,row_187
9.69201985361568,-9.07563959517094,10.2848910102332,-13.4118301172162,row_188
20.0683228556943,-13.1686584408206,26.967991740536,-25.2439731309667,row_189
-2.49987391092474,-0.630870094329011,-10.3081932630721,7.92630806526728,row_190
27.387232116596,-19.6025045703222,1.28925286604843,-3.75389250963528,row_191
-13.2429577029709,8.57131098579515,-17.2863030387516,13.7876663612578,row_192
-18.1596840542348,13.2014813735231,-13.7735641603905,0.643583046698177,row_193
17.8552957280609,-20.3723558490425,4.83094504627914,-7.83445004934995,row_194
-21.8707074847638,6.31090373614545,-33.6002798874189,25.3421141339427,row_195
-26.376421063712,17.7334254826532,-27.3409815954432,22.7385705965948,row_196
-10.4815227616972,3.31249623724255,-16.2895574901013,12.1520925433151,row_197
18.7684216106763,-22.3481876343022,6.16196285063003,-10.2780708489177,row_198
-14.0765319369412,10.760208328728,-22.6017973041709,22.3489139964445,row_199
-59.6527992992261,80.2546687611024,-35.0417471984784,66.2948115628567,row_201
-1.0224446535264,-4.98417334731492,-6.55969849355341,5.2339029082591,row_202
10.6574014804174,-3.94994399348916,15.1856057695676,-9.99324108735259,row_203
-17.911897714544,12.7831170934314,-21.3468335415064,20.5003400228563,row_204
-24.8415919471748,15.2703078053653,-23.9573760338937,22.3790590850071,row_205
-11.2901281416259,13.8151135636778,-13.8822528517786,20.4836761782816,row_206
-1.46888552456202,-11.446037602985,-5.66104400825321,-0.971891643930076,row_207
7.25528313575356,-6.48368343272257,-7.32635788720452,3.70718376333032,row_208
54.3079153170955,-64.7037232075445,10.1312352670056,-35.3192887810074,row_209
-23.7385167980682,18.2148752123826,-26.2614759199452,22.4052448441893,row_210
-0.417895067895926,-9.88924919613009,-13.5476725098551,7.87691157333421,row_211
-12.8070861975795,2.17711127530285,-21.9065769940219,14.0055274227476,row_212
-15.3415208669069,15.1073509154513,-8.85631567494351,8.96848665669709,row_213
9.34407048763853,-17.260280466976,-4.22880933502898,-1.70411756209342,row_214
10.0407980593707,-7.44836290449951,5.33890813696202,-3.96375360624262,row_215
0.500601174454763,-2.65363418093275,-7.17797415453172,6.35907082756243,row_216
-0.107039593779076,4.10403552742488,-8.81636511881085,12.9753350438179,row_217
-13.6744217443439,5.75737041396901,-23.9646101206101,15.3520206605598,row_218
-22.8634492996181,17.2337614264131,-10.4501108182991,4.70262010659459,row_219
-34.8846214068591,30.4522606306349,-29.1845186779744,26.4052167923961,row_220
-9.31891491097722,9.66527609721748,-11.7756143741822,12.1133574983468,row_221
14.4470578971332,-12.5934760504041,9.28943099971863,-11.4024904339184,row_222
-32.3184624110132,29.2140178009712,-18.1815604720416,25.3105476915157,row_223
0.0470029662534083,5.18828941662745,0.52888365742756,-0.74214168309911,row_224
-13.4914964715256,16.9671127326642,-4.2695727985042,8.09695828204536,row_225
-10.6633643881147,8.68183419175271,-22.705600671462,13.9461502762964,row_226
36.3612470025741,-45.4228205154719,3.0108954722574,-10.7178723984482,row_227
-9.54115058693774,12.6882140111373,9.31403857390347,-6.85946402131873,row_228
24.126094715291,-10.4765902619466,36.3720298791734,-28.0583770440743,row_229
32.0309511004342,-22.4453734181019,11.6591477660244,-14.6773685572504,row_230
-4.09976860846635,2.36512535881932,-2.15457422951843,1.6774653169873,row_231
-11.3557335562978,4.59916623468033,-14.1419608075922,7.89021572104034,row_232
2.76371471113423,1.26236519524731,11.0610849127553,-5.93573077339698,row_233
-51.4457884227665,43.3870236967948,-31.265021189282,28.8765670609276,row_234
-37.5598215101192,29.8813209078231,-32.6483414078864,28.1647859295943,row_235
15.9037391709867,-16.6044133467407,8.25119143213958,-8.38259081710648,row_236
-9.90531162042791,8.91414118264377,-12.9899354706495,8.56804415588887,row_237
-27.6363574724507,16.9950854129295,-23.3949568506336,24.4858598458803,row_238
-29.5484879099812,31.4357443290347,-9.10577132922942,14.2353596384562,row_239
0.885205046250843,-1.49531384963385,-3.80044323881126,2.415798492558,row_240
-2.24683320061191,2.18767168299745,-1.25564181995915,3.46047599422678,row_241
9.89465923401762,-6.28398866339205,17.4972361820299,-19.3594083307888,row_242
-26.2470194396147,22.4805982629122,-8.58797543133102,11.1166637872029,row_244
2.32161034264184,-4.95001272175878,7.80304646391399,-15.836016238096,row_245
-4.79381579789427,2.16101910214667,-9.75606521278295,8.9769125521571,row_246
6.53701735567135,-9.23741820154537,-2.29702338950553,0.841062953048,row_247
-13.9033607568358,15.1825607020021,-7.34468552761559,13.4534791123207,row_248
-11.0182665171776,9.40537942626101,-7.08641864145972,8.40250729499928,row_249
-4.40210900006774,2.39412770655587,-13.4126889166831,9.58096803491935,row_250
8.76870054195467,-11.9398219045884,-15.4252784109931,7.55889438295514,row_251
11.2638581962317,-12.3364945363889,2.40468430554574,-3.35951717971781,row_252
-3.14187596104635,4.3188066489618,-1.26577887916584,1.02645835063758,row_253
1.6377441015662,-6.35899396984179,-3.9429016103753,-3.57377988869016,row_254
-51.3712653341501,44.3327174295355,-51.6493787779662,40.9651948848821,row_255
-12.568686745183,11.919694785797,-22.6321800531683,10.3494733356239,row_256
-52.5979110056727,38.5036502794784,-52.4335114902617,42.1944188991155,row_257
14.2494020212331,-15.4802779285897,3.45704034104767,-5.7625980914993,row_258
-24.4801261674756,25.4406174966827,-17.5925176824325,24.2110233530601,row_259
7.58246676435537,-14.6387592000012,-8.7274177397995,2.02813441729873,row_260
59.9208355795683,-70.5334305881395,10.1107623250967,-22.9101818822649,row_261
2.07686953253519,-1.09148898445595,-9.18814828363008,10.6905752137085,row_262
-12.4254223688838,8.19825780451112,-18.3268472259404,13.7856628765186,row_264
-13.9232145113622,9.55708411845179,-19.3643777496007,10.7926424340595,row_265
-11.6053063925188,12.6959454381702,-17.885634987076,17.3977075899911,row_266
17.337686307816,-14.254320705663,5.0161882302636,-1.33187350352571,row_267
-24.7961900310756,13.0481314485287,-5.97711539199016,4.99957829925502,row_268
1.5880461290356,-2.68740836372756,-6.43875340994613,3.11849369756585,row_269
-19.9136441933296,8.87665748331309,-23.8015761459256,20.7640818281675,row_270
-55.6362807599375,39.5841637210375,-43.8811937479674,31.6540373999627,row_271
-13.9803095960156,20.4502151100769,-2.61208033893511,7.90881108028508,row_272
-21.7709207903536,13.6347432984915,-16.1049081674513,14.890456967114,row_273
-17.7398366641439,11.9821928164007,-20.3700626017699,20.1457549810941,row_274
-0.476356333761062,6.07854588406094,4.94210286011642,-3.16072444576279,row_275
-22.5409258596604,12.5432219704852,-31.0649526070832,18.442703237896,row_276
-14.1216282081371,4.45361455958952,-27.3159843013817,15.8660728852278,row_277
14.7155084549612,-11.6564509067588,22.5995622583096,-17.6259463460325,row_278
-16.7521955794883,17.8169021760308,-21.6648338582518,22.0303779788823,row_279
27.4079021717879,-28.67283922088,5.33713432937621,-13.3953620404606,row_280
48.5932919892137,-38.815780854254,29.5784804100219,-28.1996345270191,row_281
-29.7594444225346,26.3341503311038,-20.125513285084,11.0734542760958,row_282
-1.12820937743134,0.887449895466581,0.190559801261988,-1.99869273295745,row_283
-40.0218568665489,33.4766936879634,-38.0843205676363,41.4947235165722,row_284
26.6179748386161,-25.3095118868317,27.1328497046748,-38.0003928746633,row_285
-23.8966815461403,20.2335814435989,-15.4438717704359,16.385248298802,row_286
-24.1838369573812,15.017641270127,-16.9048400372639,14.3631671756961,row_287
-16.9986926499665,15.8412674953572,-17.2538397942848,15.6716445349713,row_288
-6.34608427696768,8.63952127897991,-19.1254331460379,16.5483748177061,row_289
-34.1483066668298,26.533998936107,-23.4642227200735,22.8587404640241,row_290
-17.6946349186029,16.1801115191816,-1.49340624439345,-1.85880782544367,row_291
-3.10193396084895,5.91590525018016,8.18863803866525,-4.86057079278963,row_292
-12.2851664129962,-1.00984277336183,-20.1104756965352,13.5185099651455,row_293
-17.9058820857022,16.7865009877962,-5.8363096364657,6.94789642081107,row_294
3.41350796574121,-6.50986139168644,-10.9649391558952,3.45197390801936,row_295
-0.142777957147755,3.46002846078256,2.80719716532757,-1.55301595932659,row_296
9.3930836620702,-14.4026150248917,3.10290629998587,-4.47050035940191,row_297
9.33606199490141,-9.06456189394661,6.05790070790981,-4.5724934307347,row_298
1.87752920704717,-2.3566863936934,0.583616852185248,2.09696305443001,row_299
-20.619154366293,18.0097031274196,-14.9466658621445,12.8493419642018,row_300
-37.4296236412643,38.1742870110259,-6.80242337159683,11.8208820969777,row_301
-22.1973607860705,9.21679208973585,-26.0154362248224,20.2071110446834,row_302
-22.3275485558896,20.2865441914847,-16.7641829563965,18.7488456162451,row_303
-6.91214713700261,5.04908477252505,-17.5763755816779,20.4393790940476,row_304
21.2484277060161,-24.8477412062714,-9.18884794250186,-1.38883102250701,row_305
2.76566497339561,-8.09447580510651,0.249439392769704,-2.48890261120136,row_306
-17.9612655533426,21.42946235044,-9.86789653414946,10.4658899131713,row_307
-6.86978688788257,6.01224924115592,-14.0012125995795,14.5844540045057,row_308
-0.218782044794305,-5.98555699571075,-10.1489536215234,8.64110350505277,row_309
14.7082964727851,-16.8577813494689,-7.61918827411991,-1.84046802175808,row_310
-4.98207924448773,-0.466164734321325,-5.37098534715637,0.87699960911421,row_311
-5.38546065707092,7.04166626110864,5.46143796260071,-4.82215093406718,row_312
-1.28706246946468,-6.91351205530634,-3.67855867151177,-9.4179691473472,row_313
4.47309066990085,-9.58560614630298,-6.37853099742257,0.75911996068498,row_314
35.2593500193148,-31.3166079129609,13.9305223642052,-12.6563513125285,row_315
17.6383230089662,-7.13506706444402,20.6289450084928,-13.782388067075,row_316
-5.00290949911651,8.79965644237969,-3.28911649603211,3.08736456978472,row_317
-23.1316739691188,19.9393309666405,-16.3913736789692,15.9578416940289,row_318
-20.4128068141373,19.4114859352581,-4.53508339416411,11.0747758194728,row_319
-61.7324439814029,53.2498420618015,-46.0806149653301,46.1305915821542,row_320
8.27579039713054,-10.2027031214209,-4.19889517403616,-0.226125832406541,row_321
-24.11527874472,20.1152283005517,-19.4776431958453,16.7945003998582,row_322
-56.6664609844408,44.9384224061263,-48.4464361839097,48.8977729675764,row_323
-22.9947439397576,16.2755354029245,-14.5323430832211,11.5231843750872,row_324
-0.475396794711024,5.33761064322921,1.11914603037882,6.32769097617198,row_325
-41.6041305224854,30.9319528102698,-58.9510711438687,51.7278170349743,row_326
10.0758499530179,-15.9672451529604,-1.00896992401528,-6.27393162451876,row_327
12.5780736606294,-12.2797210146202,9.4768080322999,-7.05546923395221,row_328
6.43969137538942,-4.91237457288585,-0.617763967215225,2.5372686090225,row_329
-8.68749856735858,5.92110278673859,-6.45870118584227,7.34698071771696,row_330
25.3691251698863,-29.8760255392072,3.28667915304454,-11.7978423205558,row_331
-66.5992216032973,58.2189471412057,-49.7148358983071,50.5321827081148,row_332
-24.3074528150949,21.6391790333215,-11.6621909617956,14.2983526578146,row_333
19.8946631987304,-25.3532404782576,7.75909887753257,-11.9666928876057,row_334
-17.6122732152323,7.48321364762399,-18.0955110411632,15.1862719298819,row_335
9.18770138144217,-24.700289649914,-14.9596969649553,0.0881523234616151,row_336
-21.6978988694417,20.1485262328428,-12.5356089833713,16.5107939884925,row_337
-30.1782447191599,28.6457596720587,-6.77368497478241,11.001051488007,row_338
-12.5199668859413,3.00737479913919,-23.1045251590014,16.1255975895668,row_339
-0.810717804917016,4.35865296391168,7.35141985601153,-4.57498930363115,row_340
-2.08316627659112,5.09424482633911,10.4159123644947,-7.08053884895111,row_341
44.6013060447796,-38.3030827011158,38.2882751903295,-34.0198297555574,row_342
41.236981123906,-44.352288774323,24.1480004465374,-28.0036431385505,row_343
11.2951611287205,-16.0174063210064,-1.29188474643822,-2.6614923290719,row_344
14.2046954499713,-19.304633166501,-2.91123315155921,-3.03859215285554,row_345
-15.8590340495646,9.78169046236964,-18.4353505559713,12.8428428783256,row_346
-14.474623727017,4.92725096458379,-32.7678737739671,25.5609328781183,row_347
-24.2413638407253,21.6361726382497,-20.3868110917793,18.2129301510962,row_348
25.1494366107386,-19.6975682948348,27.2426147862241,-28.8790300819884,row_349
-11.4801285060895,2.22360354960422,-21.138782536051,17.0579777262811,row_350
-9.88549851501727,-0.19224214915954,-10.3257928417826,-1.3768025138573,row_351
35.712834637641,-28.8488423873051,20.1628752331644,-18.0577793853651,row_352
-25.296731106696,22.7527406116892,-19.0996456578684,20.2000735443372,row_353
-2.07262211243586,-5.30732590191813,-4.81019034196648,0.806605635098032,row_354
-15.3025808088267,9.09025372395602,-19.1526238845041,18.6818451315577,row_355
-19.7376670744855,13.7441425128074,-14.1851813126015,11.9496322492652,row_356
-1.43912968645264,-1.96075489334037,-11.8116875737259,15.1807891742282,row_357
-3.9270044947383,0.718489575864154,-8.91717312061397,7.80917739453525,row_358
-30.5366466491189,30.5936712195056,-23.3805181544603,27.9376546055359,row_359
-11.4173041455482,5.75193325250923,0.954872725938459,-4.61232476346371,row_360
-31.1632699459043,31.4867288964669,-21.3673323841054,17.1010733010312,row_361
0.288947712360598,-7.11083521586922,-16.8026348880021,14.2933251306954,row_362
-24.2371472839554,19.7693411504865,-16.8015198157231,19.1123894782303,row_363
7.64498724451938,-15.4857187775809,-5.26368312127807,-3.02310549305719,row_364
-5.68404476125963,6.63707369592964,-13.7731858208752,9.78673630180609,row_365
-7.35574975029434,8.86647432862388,-6.43126966780288,8.34551705059377,row_366
1.81039780448991,1.63680990074015,-8.24620536437705,12.4025147209366,row_367
32.5330154378222,-36.128705149264,12.1460765680115,-17.2825508407873,row_368
-2.92790813012788,5.69677085836153,1.83949245453157,-0.23377619271745,row_369
21.3027035383449,-30.9076700580628,-0.25502144451618,-5.19780764805316,row_370
10.1651022574277,-15.464260193507,-6.5275403685505,2.93337105890696,row_371
-15.4200062956342,10.9771656649631,-24.1938791135579,24.8579258166281,row_372
-19.926741103947,16.6788589531972,-22.021628130948,22.4072760157563,row_373
-26.7787000399865,21.6410282268883,-27.5660530292516,25.8045707339231,row_374
-5.967609733584,13.2160431774815,-4.31526351443237,6.36292117177499,row_375
-3.02687148378537,4.87318599315331,-3.93575816266137,5.74652343676961,row_376
-15.7490778450735,21.616638611035,-10.0950595673975,16.6322017336284,row_377
-35.4921748603459,34.7315272211836,-24.4191564744336,22.966172664984,row_378
9.15067343924053,-11.3850190904672,3.97538506007405,-6.26243234545697,row_379
17.574066127483,-7.55555215372939,15.3703027420871,-10.7328176774178,row_380
-1.18627197140884,-2.678789068875,-10.1226404105426,9.03752108850661,row_381
-8.27947247639064,6.94318618634431,7.13699841172029,-14.5150035163976,row_382
17.0584015633281,-18.3905089708672,8.48709773434344,-11.1624767156172,row_383
18.1039233972425,-27.4076345415675,-0.222297276435753,-8.79823061655317,row_384
10.7457112385312,-11.9047731941029,6.11798253958634,-6.15596485939383,row_385
-10.1518764698929,9.4978187479152,-9.02841951196524,13.8346575288866,row_386
-41.0846129597385,38.2833312219668,-28.5631793314137,26.7262828921908,row_387
-22.0621756359656,19.8085562768367,-15.9222219742982,16.9300967751171,row_388
-10.1257889040365,5.58053893386395,-2.36208320113796,7.92116524876069,row_389
-24.5361751981762,18.0433549539259,-25.0825701504026,16.7750435698178,row_390
2.69828480590904,-0.488120714042484,0.343758018074496,2.95344261517297,row_391
-14.8243723629098,10.5014720026119,-17.9756659536259,9.4992139756721,row_392
-25.6168613757177,18.3366879076608,-8.71869569515925,13.6732436061129,row_393
11.9749177055659,-10.8007496512061,8.15244106597224,-8.18335506644098,row_394
-8.13208582032703,2.0663218105992,-12.8238395767068,11.0192584738609,row_395
-7.00670986687674,4.12020584421651,2.78593168578954,-1.13580390464919,row_396
-19.1132287828519,13.8119094505694,-30.8605653357908,27.3370358357965,row_397
14.9838284664546,-8.97450496601875,15.0144131119057,-14.3009609699659,row_398
9.82818218044211,-9.87028138795049,-7.71356886061309,8.02618674325099,row_400
-8.32462917891937,4.7401210752448,-8.27013678451075,6.22159846005308,row_401
7.24439948615234,-7.40328892840009,-11.0463543047617,3.4478936057283,row_402
23.0754837400961,-17.7573398901105,18.0655549680556,-20.8418746458904,row_404
-12.1595190705697,21.6939074142252,5.21136641756798,5.07492824771214,row_405
21.5517050578033,-16.8287258850595,12.1926578108187,-12.9304475385807,row_406
-16.0234563700917,14.9410754062777,-13.3287031403783,11.2447470082702,row_408
-62.4611814564502,67.9401588318355,-8.04007669217905,19.7635095437561,row_409
-15.0592942000636,20.1052529202053,0.851980587269791,4.74934188598173,row_410
