sourceRow,retained,nonfiniteSource,invalidFlag,allZeroSourceCondition,ambiguousZeroWithoutFlags,subjectID
1,1,0,0,0,0,row_001
2,1,0,0,0,0,row_002
3,1,0,0,0,0,row_003
4,1,0,0,0,0,row_004
5,1,0,0,0,0,row_005
6,1,0,0,0,0,row_006
7,1,0,0,0,0,row_007
8,1,0,0,0,0,row_008
9,1,0,0,0,0,row_009
10,1,0,0,0,0,row_010
11,1,0,0,0,0,row_011
12,1,0,0,0,0,row_012
13,1,0,0,0,0,row_013
14,1,0,0,0,0,row_014
15,1,0,0,0,0,row_015
16,1,0,0,0,0,row_016
17,1,0,0,0,0,row_017
18,1,0,0,0,0,row_018
19,1,0,0,0,0,row_019
20,1,0,0,0,0,row_020
21,1,0,0,0,0,row_021
22,1,0,0,0,0,row_022
23,1,0,0,0,0,row_023
24,1,0,0,0,0,row_024
25,1,0,0,0,0,row_025
26,1,0,0,0,0,row_026
27,1,0,0,0,0,row_027
28,1,0,0,0,0,row_028
29,1,0,0,0,0,row_029
30,1,0,0,0,0,row_030
31,1,0,0,0,0,row_031
32,1,0,0,0,0,row_032
33,1,0,0,0,0,row_033
34,1,0,0,0,0,row_034
35,1,0,0,0,0,row_035
36,1,0,0,0,0,row_036
37,1,0,0,0,0,row_037
38,1,0,0,0,0,row_038
39,1,0,0,0,0,row_039
40,1,0,0,0,0,row_040
41,1,0,0,0,0,row_041
42,1,0,0,0,0,row_042
43,1,0,0,0,0,row_043
44,1,0,0,0,0,row_044
45,1,0,0,0,0,row_045
46,1,0,0,0,0,row_046
47,1,0,0,0,0,row_047
48,1,0,0,0,0,row_048
49,1,0,0,0,0,row_049
50,1,0,0,0,0,row_050
51,1,0,0,0,0,row_051
52,1,0,0,0,0,row_052
53,1,0,0,0,0,row_053
54,1,0,0,0,0,row_054
55,1,0,0,0,0,row_055
56,1,0,0,0,0,row_056
57,1,0,0,0,0,row_057
58,1,0,0,0,0,row_058
59,1,0,0,0,0,row_059
60,1,0,0,0,0,row_060
61,1,0,0,0,0,row_061
62,1,0,0,0,0,row_062
63,1,0,0,0,0,row_063
64,1,0,0,0,0,row_064
65,1,0,0,0,0,row_065
66,1,0,0,0,0,row_066
67,1,0,0,0,0,row_067
68,1,0,0,0,0,row_068
69,1,0,0,0,0,row_069
70,1,0,0,0,0,row_070
71,1,0,0,0,0,row_071
72,1,0,0,0,0,row_072
73,1,0,0,0,0,row_073
74,1,0,0,0,0,row_074
75,1,0,0,0,0,row_075
76,1,0,0,0,0,row_076
77,1,0,0,0,0,row_077
78,1,0,0,0,0,row_078
79,1,0,0,0,0,row_079
80,1,0,0,0,0,row_080
81,1,0,0,0,0,row_081
82,1,0,0,0,0,row_082
83,1,0,0,0,0,row_083
84,1,0,0,0,0,row_084
85,1,0,0,0,0,row_085
86,1,0,0,0,0,row_086
87,1,0,0,0,0,row_087
88,1,0,0,0,0,row_088
89,1,0,0,0,0,row_089
90,1,0,0,0,0,row_090
91,1,0,0,0,0,row_091
92,1,0,0,0,0,row_092
93,1,0,0,0,0,row_093
94,1,0,0,0,0,row_094
95,1,0,0,0,0,row_095
96,1,0,0,0,0,row_096
97,1,0,0,0,0,row_097
98,1,0,0,0,0,row_098
99,1,0,0,0,0,row_099
100,1,0,0,0,0,row_100
101,1,0,0,0,0,row_101
102,1,0,0,0,0,row_102
103,0,1,0,0,0,row_103
104,1,0,0,0,0,row_104
105,1,0,0,0,0,row_105
106,1,0,0,0,0,row_106
107,1,0,0,0,0,row_107
108,1,0,0,0,0,row_108
109,1,0,0,0,0,row_109
110,1,0,0,0,0,row_110
111,1,0,0,0,0,row_111
112,1,0,0,0,0,row_112
113,1,0,0,0,0,row_113
114,1,0,0,0,0,row_114
115,1,0,0,0,0,row_115
116,1,0,0,0,0,row_116
117,1,0,0,0,0,row_117
118,1,0,0,0,0,row_118
119,1,0,0,0,0,row_119
120,1,0,0,0,0,row_120
121,1,0,0,0,0,row_121
122,1,0,0,0,0,row_122
123,1,0,0,0,0,row_123
124,1,0,0,0,0,row_124
125,1,0,0,0,0,row_125
126,1,0,0,0,0,row_126
127,1,0,0,0,0,row_127
128,1,0,0,0,0,row_128
129,1,0,0,0,0,row_129
130,1,0,0,0,0,row_130
131,1,0,0,0,0,row_131
132,1,0,0,0,0,row_132
133,1,0,0,0,0,row_133
134,1,0,0,0,0,row_134
135,1,0,0,0,0,row_135
136,1,0,0,0,0,row_136
137,1,0,0,0,0,row_137
138,1,0,0,0,0,row_138
139,1,0,0,0,0,row_139
140,1,0,0,0,0,row_140
141,1,0,0,0,0,row_141
142,1,0,0,0,0,row_142
143,1,0,0,0,0,row_143
144,1,0,0,0,0,row_144
145,1,0,0,0,0,row_145
146,1,0,0,0,0,row_146
147,1,0,0,0,0,row_147
148,1,0,0,0,0,row_148
149,1,0,0,0,0,row_149
150,1,0,0,0,0,row_150
151,1,0,0,0,0,row_151
152,1,0,0,0,0,row_152
153,1,0,0,0,0,row_153
154,1,0,0,0,0,row_154
155,1,0,0,0,0,row_155
156,1,0,0,0,0,row_156
157,1,0,0,0,0,row_157
158,1,0,0,0,0,row_158
159,1,0,0,0,0,row_159
160,1,0,0,0,0,row_160
161,1,0,0,0,0,row_161
162,1,0,0,0,0,row_162
163,1,0,0,0,0,row_163
164,1,0,0,0,0,row_164
165,1,0,0,0,0,row_165
166,1,0,0,0,0,row_166
167,1,0,0,0,0,row_167
168,1,0,0,0,0,row_168
169,1,0,0,0,0,row_169
170,1,0,0,0,0,row_170
171,0,1,0,0,0,row_171
172,1,0,0,0,0,row_172
173,1,0,0,0,0,row_173
174,1,0,0,0,0,row_174
175,1,0,0,0,0,row_175
176,1,0,0,0,0,row_176
177,1,0,0,0,0,row_177
178,1,0,0,0,0,row_178
179,1,0,0,0,0,row_179
180,1,0,0,0,0,row_180
181,1,0,0,0,0,row_181
182,1,0,0,0,0,row_182
183,1,0,0,0,0,row_183
184,1,0,0,0,0,row_184
185,1,0,0,0,0,row_185
186,1,0,0,0,0,row_186
187,1,0,0,0,0,row_187
188,1,0,0,0,0,row_188
189,1,0,0,0,0,row_189
190,1,0,0,0,0,row_190
191,1,0,0,0,0,row_191
192,1,0,0,0,0,row_192
193,1,0,0,0,0,row_193
194,1,0,0,0,0,row_194
195,1,0,0,0,0,row_195
196,1,0,0,0,0,row_196
197,1,0,0,0,0,row_197
198,1,0,0,0,0,row_198
199,1,0,0,0,0,row_199
200,0,1,0,0,0,row_200
201,1,0,0,0,0,row_201
202,1,0,0,0,0,row_202
203,1,0,0,0,0,row_203
204,1,0,0,0,0,row_204
205,1,0,0,0,0,row_205
206,1,0,0,0,0,row_206
207,1,0,0,0,0,row_207
208,1,0,0,0,0,row_208
209,1,0,0,0,0,row_209
210,1,0,0,0,0,row_210
211,1,0,0,0,0,row_211
212,1,0,0,0,0,row_212
213,1,0,0,0,0,row_213
214,1,0,0,0,0,row_214
215,1,0,0,0,0,row_215
216,1,0,0,0,0,row_216
217,1,0,0,0,0,row_217
218,1,0,0,0,0,row_218
219,1,0,0,0,0,row_219
220,1,0,0,0,0,row_220
221,1,0,0,0,0,row_221
222,1,0,0,0,0,row_222
223,1,0,0,0,0,row_223
224,1,0,0,0,0,row_224
225,1,0,0,0,0,row_225
226,1,0,0,0,0,row_226
227,1,0,0,0,0,row_227
228,1,0,0,0,0,row_228
229,1,0,0,0,0,row_229
230,1,0,0,0,0,row_230
231,1,0,0,0,0,row_231
232,1,0,0,0,0,row_232
233,1,0,0,0,0,row_233
234,1,0,0,0,0,row_234
235,1,0,0,0,0,row_235
236,1,0,0,0,0,row_236
237,1,0,0,0,0,row_237
238,1,0,0,0,0,row_238
239,1,0,0,0,0,row_239
240,1,0,0,0,0,row_240
241,1,0,0,0,0,row_241
242,1,0,0,0,0,row_242
243,0,1,0,0,0,row_243
244,1,0,0,0,0,row_244
245,1,0,0,0,0,row_245
246,1,0,0,0,0,row_246
247,1,0,0,0,0,row_247
248,1,0,0,0,0,row_248
249,1,0,0,0,0,row_249
250,1,0,0,0,0,row_250
251,1,0,0,0,0,row_251
252,1,0,0,0,0,row_252
253,1,0,0,0,0,row_253
254,1,0,0,0,0,row_254
255,1,0,0,0,0,row_255
256,1,0,0,0,0,row_256
257,1,0,0,0,0,row_257
258,1,0,0,0,0,row_258
259,1,0,0,0,0,row_259
260,1,0,0,0,0,row_260
261,1,0,0,0,0,row_261
262,1,0,0,0,0,row_262
263,0,1,0,0,0,row_263
264,1,0,0,0,0,row_264
265,1,0,0,0,0,row_265
266,1,0,0,0,0,row_266
267,1,0,0,0,0,row_267
268,1,0,0,0,0,row_268
269,1,0,0,0,0,row_269
270,1,0,0,0,0,row_270
271,1,0,0,0,0,row_271
272,1,0,0,0,0,row_272
273,1,0,0,0,0,row_273
274,1,0,0,0,0,row_274
275,1,0,0,0,0,row_275
276,1,0,0,0,0,row_276
277,1,0,0,0,0,row_277
278,1,0,0,0,0,row_278
279,1,0,0,0,0,row_279
280,1,0,0,0,0,row_280
281,1,0,0,0,0,row_281
282,1,0,0,0,0,row_282
283,1,0,0,0,0,row_283
284,1,0,0,0,0,row_284
285,1,0,0,0,0,row_285
286,1,0,0,0,0,row_286
287,1,0,0,0,0,row_287
288,1,0,0,0,0,row_288
289,1,0,0,0,0,row_289
290,1,0,0,0,0,row_290
291,1,0,0,0,0,row_291
292,1,0,0,0,0,row_292
293,1,0,0,0,0,row_293
294,1,0,0,0,0,row_294
295,1,0,0,0,0,row_295
296,1,0,0,0,0,row_296
297,1,0,0,0,0,row_297
298,1,0,0,0,0,row_298
299,1,0,0,0,0,row_299
300,1,0,0,0,0,row_300
301,1,0,0,0,0,row_301
302,1,0,0,0,0,row_302
303,1,0,0,0,0,row_303
304,1,0,0,0,0,row_304
305,1,0,0,0,0,row_305
306,1,0,0,0,0,row_306
307,1,0,0,0,0,row_307
308,1,0,0,0,0,row_308
309,1,0,0,0,0,row_309
310,1,0,0,0,0,row_310
311,1,0,0,0,0,row_311
312,1,0,0,0,0,row_312
313,1,0,0,0,0,row_313
314,1,0,0,0,0,row_314
315,1,0,0,0,0,row_315
316,1,0,0,0,0,row_316
317,1,0,0,0,0,row_317
318,1,0,0,0,0,row_318
319,1,0,0,0,0,row_319
320,1,0,0,0,0,row_320
321,1,0,0,0,0,row_321
322,1,0,0,0,0,row_322
323,1,0,0,0,0,row_323
324,1,0,0,0,0,row_324
325,1,0,0,0,0,row_325
326,1,0,0,0,0,row_326
327,1,0,0,0,0,row_327
328,1,0,0,0,0,row_328
329,1,0,0,0,0,row_329
330,1,0,0,0,0,row_330
331,1,0,0,0,0,row_331
332,1,0,0,0,0,row_332
333,1,0,0,0,0,row_333
334,1,0,0,0,0,row_334
335,1,0,0,0,0,row_335
336,1,0,0,0,0,row_336
337,1,0,0,0,0,row_337
338,1,0,0,0,0,row_338
339,1,0,0,0,0,row_339
340,1,0,0,0,0,row_340
341,1,0,0,0,0,row_341
342,1,0,0,0,0,row_342
343,1,0,0,0,0,row_343
344,1,0,0,0,0,row_344
345,1,0,0,0,0,row_345
346,1,0,0,0,0,row_346
347,1,0,0,0,0,row_347
348,1,0,0,0,0,row_348
349,1,0,0,0,0,row_349
350,1,0,0,0,0,row_350
351,1,0,0,0,0,row_351
352,1,0,0,0,0,row_352
353,1,0,0,0,0,row_353
354,1,0,0,0,0,row_354
355,1,0,0,0,0,row_355
356,1,0,0,0,0,row_356
357,1,0,0,0,0,row_357
358,1,0,0,0,0,row_358
359,1,0,0,0,0,row_359
360,1,0,0,0,0,row_360
361,1,0,0,0,0,row_361
362,1,0,0,0,0,row_362
363,1,0,0,0,0,row_363
364,1,0,0,0,0,row_364
365,1,0,0,0,0,row_365
366,1,0,0,0,0,row_366
367,1,0,0,0,0,row_367
368,1,0,0,0,0,row_368
369,1,0,0,0,0,row_369
370,1,0,0,0,0,row_370
371,1,0,0,0,0,row_371
372,1,0,0,0,0,row_372
373,1,0,0,0,0,row_373
374,1,0,0,0,0,row_374
375,1,0,0,0,0,row_375
376,1,0,0,0,0,row_376
377,1,0,0,0,0,row_377
378,1,0,0,0,0,row_378
379,1,0,0,0,0,row_379
380,1,0,0,0,0,row_380
381,1,0,0,0,0,row_381
382,1,0,0,0,0,row_382
383,1,0,0,0,0,row_383
384,1,0,0,0,0,row_384
385,1,0,0,0,0,row_385
386,1,0,0,0,0,row_386
387,1,0,0,0,0,row_387
388,1,0,0,0,0,row_388
389,1,0,0,0,0,row_389
390,1,0,0,0,0,row_390
391,1,0,0,0,0,row_391
392,1,0,0,0,0,row_392
393,1,0,0,0,0,row_393
394,1,0,0,0,0,row_394
395,1,0,0,0,0,row_395
396,1,0,0,0,0,row_396
397,1,0,0,0,0,row_397
398,1,0,0,0,0,row_398
399,0,1,0,0,0,row_399
400,1,0,0,0,0,row_400
401,1,0,0,0,0,row_401
402,1,0,0,0,0,row_402
403,0,1,0,0,0,row_403
404,1,0,0,0,0,row_404
405,1,0,0,0,0,row_405
406,1,0,0,0,0,row_406
407,0,1,0,0,0,row_407
408,1,0,0,0,0,row_408
409,1,0,0,0,0,row_409
410,1,0,0,0,0,row_410
