roi_id,roi_name,effective_n,max_abs_centered_skewness,max_abs_standardized_residual,max_LOO_mean_shift_SE_norm,influential_row_id,signflip_p_holm,bootstrap_p_raw,bootstrap_p_holm,bootstrap_significant,decision_disagreement,bootstrap_status
1,Ctx_V1_L,410,0.443185975284049,4.90687848953248,0.86306384492178,row_209,1,0.03125,1,0,0,approximate_centered_bootstrap
2,Ctx_V1_R,410,0.370403151347158,5.62888468266907,0.960282395673003,row_209,1,0.03125,1,0,0,approximate_centered_bootstrap
3,Ctx_MST_L,410,0.444654936890106,5.3230286654981,0.701250643786599,row_032,1,0.03125,1,0,0,approximate_centered_bootstrap
4,Ctx_MST_R,410,0.508420850344409,5.70851670019533,0.714168289332405,row_277,1,0.03125,1,0,0,approximate_centered_bootstrap
5,Ctx_V6_L,410,0.484162131860901,5.3884459335641,0.807057478559453,row_020,1,0.03125,1,0,0,approximate_centered_bootstrap
6,Ctx_V6_R,410,0.835039259686033,6.0174527688762,0.901302920014894,row_129,1,0.03125,1,0,0,approximate_centered_bootstrap
7,Ctx_V2_L,410,0.428365854585698,5.50559491782265,0.911802737681755,row_209,1,0.03125,1,0,0,approximate_centered_bootstrap
8,Ctx_V2_R,410,0.44008728684925,5.02778102288938,0.960751375394082,row_209,1,0.03125,1,0,0,approximate_centered_bootstrap
9,Ctx_V3_L,410,0.693775060951985,6.90834612716407,1.04357770132468,row_209,1,0.03125,1,0,0,approximate_centered_bootstrap
10,Ctx_V3_R,410,0.465235538216868,6.19765273616491,0.926708082752854,row_209,1,0.03125,1,0,0,approximate_centered_bootstrap
11,Ctx_V4_L,410,0.540611584702888,4.50384240725033,0.660093552895629,row_130,1,0.03125,1,0,0,approximate_centered_bootstrap
12,Ctx_V4_R,410,0.359935946934915,4.67580415914153,0.687703395843231,row_209,1,0.03125,1,0,0,approximate_centered_bootstrap
13,Ctx_V8_L,410,0.607568836412017,5.34666092837209,0.814552006086524,row_128,1,0.03125,1,0,0,approximate_centered_bootstrap
14,Ctx_V8_R,410,0.545089869050611,5.41431641520541,0.697060960153484,row_129,1,0.03125,1,0,0,approximate_centered_bootstrap
15,Ctx_4_L,410,0.567064301259366,6.08157534884046,0.98803497131176,row_020,1,0.03125,1,0,0,approximate_centered_bootstrap
16,Ctx_4_R,410,0.433126947135237,5.26485745690707,0.794592983041112,row_056,1,0.03125,1,0,0,approximate_centered_bootstrap
17,Ctx_3b_L,410,0.563570319971059,6.0266058126798,0.819534574585848,row_020,1,0.03125,1,0,0,approximate_centered_bootstrap
18,Ctx_3b_R,410,0.457138494971036,5.26786607596323,0.77498368840966,row_056,1,0.03125,1,0,0,approximate_centered_bootstrap
19,Ctx_FEF_L,410,0.295802406559961,5.50797906587282,0.790721784477393,row_156,1,0.03125,1,0,0,approximate_centered_bootstrap
20,Ctx_FEF_R,410,0.419278147079602,5.192019969751,0.782391756388353,row_129,1,0.03125,1,0,0,approximate_centered_bootstrap
21,Ctx_PEF_L,410,0.509521707824681,4.84818351465709,0.856937530600831,row_020,1,0.03125,1,0,0,approximate_centered_bootstrap
22,Ctx_PEF_R,410,0.55105685900714,6.16805167233299,1.03992195637908,row_296,1,0.03125,1,0,0,approximate_centered_bootstrap
23,Ctx_55b_L,410,0.693541047745096,5.16747120632891,0.993494933972359,row_020,1,0.03125,1,0,0,approximate_centered_bootstrap
24,Ctx_55b_R,410,0.422474601248616,5.27805185795643,0.889005899275725,row_296,1,0.03125,1,0,0,approximate_centered_bootstrap
25,Ctx_V3A_L,410,0.51200538018201,6.91266164521003,0.97957009958496,row_209,1,0.03125,1,0,0,approximate_centered_bootstrap
26,Ctx_V3A_R,410,0.641469293386342,5.53827733800242,0.79720708463106,row_230,1,0.03125,1,0,0,approximate_centered_bootstrap
27,Ctx_RSC_L,410,0.181956413686422,4.53632524712427,0.609306390586897,row_201,1,0.03125,1,0,0,approximate_centered_bootstrap
28,Ctx_RSC_R,410,0.453475454318328,5.43776019001363,0.681393384742554,row_403,1,0.03125,1,0,0,approximate_centered_bootstrap
29,Ctx_POS2_L,410,0.478922618101943,6.80618885800702,0.890763813208132,row_129,1,0.03125,1,0,0,approximate_centered_bootstrap
30,Ctx_POS2_R,410,0.382559932383492,5.52510651992837,0.74990762629488,row_056,1,0.03125,1,0,0,approximate_centered_bootstrap
31,Ctx_V7_L,410,1.08586012080436,7.81764707326918,1.143306702093,row_209,1,0.03125,1,0,0,approximate_centered_bootstrap
32,Ctx_V7_R,410,1.18868048010514,6.82361371838001,0.918452550950014,row_218,1,0.03125,1,0,0,approximate_centered_bootstrap
33,Ctx_IPS1_L,410,0.56716839457401,5.33413965164625,0.758547220453595,row_201,1,0.03125,1,0,0,approximate_centered_bootstrap
34,Ctx_IPS1_R,410,0.600940270877141,5.34628029794451,0.688087892278431,row_056,1,0.03125,1,0,0,approximate_centered_bootstrap
35,Ctx_FFC_L,410,0.470460174553719,5.77504032730195,0.913261926564008,row_209,1,0.03125,1,0,0,approximate_centered_bootstrap
36,Ctx_FFC_R,410,0.364024176214841,4.58562693624818,0.627824929189789,row_370,1,0.03125,1,0,0,approximate_centered_bootstrap
37,Ctx_V3B_L,410,0.456963757709762,5.53384864071991,0.818503962501479,row_081,1,0.03125,1,0,0,approximate_centered_bootstrap
38,Ctx_V3B_R,410,0.447152946637059,4.37073369047269,0.672416491136387,row_167,1,0.03125,1,0,0,approximate_centered_bootstrap
39,Ctx_LO1_L,410,0.474529599953747,6.34246363542335,0.994077476294781,row_382,1,0.03125,1,0,0,approximate_centered_bootstrap
40,Ctx_LO1_R,410,0.482905904944314,5.17863123378402,0.70020878466985,row_081,1,0.03125,1,0,0,approximate_centered_bootstrap
41,Ctx_LO2_L,410,0.948635828475501,6.64450171309445,0.926884784451104,row_129,1,0.03125,1,0,0,approximate_centered_bootstrap
42,Ctx_LO2_R,410,0.908039667452462,6.30494726882641,0.935509942999182,row_056,1,0.03125,1,0,0,approximate_centered_bootstrap
43,Ctx_PIT_L,410,1.21970022804901,7.23354408230591,0.99636509065216,row_129,1,0.03125,1,0,0,approximate_centered_bootstrap
44,Ctx_PIT_R,410,0.586718572573163,5.98027501512135,0.903652125821143,row_125,1,0.03125,1,0,0,approximate_centered_bootstrap
45,Ctx_MT_L,410,0.926227582272789,6.52080608242132,0.882372187712299,row_020,1,0.03125,1,0,0,approximate_centered_bootstrap
46,Ctx_MT_R,410,0.471310631643937,5.92221332909123,0.741687670731032,row_129,1,0.03125,1,0,0,approximate_centered_bootstrap
47,Ctx_A1_L,410,0.745655565887511,5.91144148981772,0.927630209450081,row_209,1,0.03125,1,0,0,approximate_centered_bootstrap
48,Ctx_A1_R,410,0.7911923027955,6.12315556980129,0.761735218465009,row_030,1,0.03125,1,0,0,approximate_centered_bootstrap
49,Ctx_PSL_L,410,0.614102486594726,6.57198695329026,0.758792428534203,row_370,1,0.03125,1,0,0,approximate_centered_bootstrap
50,Ctx_PSL_R,410,0.503861503501256,6.11082855009902,0.700697241056434,row_209,1,0.03125,1,0,0,approximate_centered_bootstrap
51,Ctx_SFL_L,410,0.454593488355911,5.4123214671465,0.817384867808826,row_285,1,0.03125,1,0,0,approximate_centered_bootstrap
52,Ctx_SFL_R,410,0.596785894433781,6.42127539417005,0.876275520474763,row_361,1,0.03125,1,0,0,approximate_centered_bootstrap
53,Ctx_PCV_L,410,0.392234498050077,4.72510719805875,0.643091212974582,row_032,1,0.03125,1,0,0,approximate_centered_bootstrap
54,Ctx_PCV_R,410,0.592800562258881,5.79171141212019,0.731099930025721,row_056,1,0.03125,1,0,0,approximate_centered_bootstrap
55,Ctx_STV_L,410,1.08607086894618,5.96024567713591,0.919796137377525,row_020,1,0.03125,1,0,0,approximate_centered_bootstrap
56,Ctx_STV_R,410,0.425059109490512,4.62887765555435,0.769756937312926,row_057,1,0.03125,1,0,0,approximate_centered_bootstrap
57,Ctx_7Pm_L,410,0.622935017361695,6.38967499569814,0.824801910089111,row_121,1,0.03125,1,0,0,approximate_centered_bootstrap
58,Ctx_7Pm_R,410,0.612486912183378,6.16375393135601,0.805159998441758,row_056,1,0.03125,1,0,0,approximate_centered_bootstrap
59,Ctx_7m_L,410,0.430236448132088,4.9793333789456,0.744519271979734,row_129,1,0.03125,1,0,0,approximate_centered_bootstrap
60,Ctx_7m_R,410,0.632580492609316,4.50543445227255,0.798749335663229,row_129,1,0.03125,1,0,0,approximate_centered_bootstrap
61,Ctx_POS1_L,410,0.39101413934786,5.63465119538488,0.655598918488624,row_201,1,0.03125,1,0,0,approximate_centered_bootstrap
62,Ctx_POS1_R,410,0.885862007412447,6.834673820768,0.873519834158552,row_200,1,0.03125,1,0,0,approximate_centered_bootstrap
63,Ctx_23d_L,410,0.345808552633506,5.382839862547,0.883016554605636,row_030,1,0.03125,1,0,0,approximate_centered_bootstrap
64,Ctx_23d_R,410,0.38096510417427,4.42289361169521,0.676935338875318,row_061,1,0.03125,1,0,0,approximate_centered_bootstrap
65,Ctx_v23ab_L,410,0.753477993085519,6.93831301741133,0.932551645814144,row_200,1,0.03125,1,0,0,approximate_centered_bootstrap
66,Ctx_v23ab_R,410,0.755062439188403,6.46713617486629,0.823829090717636,row_200,1,0.03125,1,0,0,approximate_centered_bootstrap
67,Ctx_d23ab_L,410,0.34568305463278,4.58056640783387,0.682505893761943,row_209,1,0.03125,1,0,0,approximate_centered_bootstrap
68,Ctx_d23ab_R,410,0.339556653267026,4.90351201841366,0.670247144202408,row_200,1,0.03125,1,0,0,approximate_centered_bootstrap
69,Ctx_31pv_L,410,0.339096183670552,4.88648815345303,0.737891996911828,row_129,1,0.03125,1,0,0,approximate_centered_bootstrap
70,Ctx_31pv_R,410,0.408355365245165,4.21090928518483,0.677109042100195,row_030,1,0.03125,1,0,0,approximate_centered_bootstrap
71,Ctx_5m_L,410,0.377817991537825,5.52711235768628,0.810992069883227,row_036,1,0.15625,1,0,0,approximate_centered_bootstrap
72,Ctx_5m_R,410,0.562590212781468,5.33335512561774,0.867782180663222,row_200,1,0.03125,1,0,0,approximate_centered_bootstrap
73,Ctx_5mv_L,410,0.79793954650984,6.86039171651095,0.905467129532726,row_030,1,0.03125,1,0,0,approximate_centered_bootstrap
74,Ctx_5mv_R,410,0.381555516500104,5.76626064603775,0.948104798232361,row_200,1,0.03125,1,0,0,approximate_centered_bootstrap
75,Ctx_23c_L,410,0.360856873613098,4.72965554631281,0.678989609890413,row_030,1,0.03125,1,0,0,approximate_centered_bootstrap
76,Ctx_23c_R,410,0.451352325309577,5.45868233524499,0.758478471536254,row_277,1,0.03125,1,0,0,approximate_centered_bootstrap
77,Ctx_5L_L,410,0.858752044063868,7.49772850857369,0.983728832921153,row_101,1,0.03125,1,0,0,approximate_centered_bootstrap
78,Ctx_5L_R,410,0.753591941842946,5.59648901339981,0.828410731074699,row_200,1,0.03125,1,0,0,approximate_centered_bootstrap
79,Ctx_24dd_L,410,1.30697910955292,8.35857735755067,1.04842162647642,row_200,1,0.03125,1,0,0,approximate_centered_bootstrap
80,Ctx_24dd_R,410,0.530995187609759,5.1633340574598,0.915694752218616,row_200,1,0.03125,1,0,0,approximate_centered_bootstrap
81,Ctx_24dv_L,410,2.18603545707424,9.54192368387795,1.16456993456488,row_099,1,0.03125,1,0,0,approximate_centered_bootstrap
82,Ctx_24dv_R,410,0.574782237845843,5.07429027843661,0.734516559671471,row_200,1,0.03125,1,0,0,approximate_centered_bootstrap
83,Ctx_7AL_L,410,1.04129231800726,7.98055862753101,0.885569882016332,row_030,1,0.03125,1,0,0,approximate_centered_bootstrap
84,Ctx_7AL_R,410,0.52945823899687,5.70016590560363,0.714613168826114,row_030,1,0.03125,1,0,0,approximate_centered_bootstrap
85,Ctx_SCEF_L,410,0.46126223128262,4.19166382990613,0.640777020349447,row_030,1,0.03125,1,0,0,approximate_centered_bootstrap
86,Ctx_SCEF_R,410,0.616155809292648,5.31074860643409,0.70502781490922,row_323,1,0.03125,1,0,0,approximate_centered_bootstrap
87,Ctx_6ma_L,410,0.8213440631704,6.79612203276624,0.768436234536331,row_020,1,0.03125,1,0,0,approximate_centered_bootstrap
88,Ctx_6ma_R,410,0.39456760865341,4.24690717956024,0.659923037863134,row_020,1,0.03125,1,0,0,approximate_centered_bootstrap
89,Ctx_7Am_L,410,0.561204001930605,5.49736705435689,0.858782099189639,row_101,1,0.03125,1,0,0,approximate_centered_bootstrap
90,Ctx_7Am_R,410,0.537029503157932,5.82984811033469,0.811557700031815,row_209,1,0.03125,1,0,0,approximate_centered_bootstrap
91,Ctx_7PL_L,410,0.923761245795683,6.4774975635234,1.09634645636617,row_041,1,0.03125,1,0,0,approximate_centered_bootstrap
92,Ctx_7PL_R,410,0.553704195581069,5.00043221973363,0.727806878176411,row_023,1,0.03125,1,0,0,approximate_centered_bootstrap
93,Ctx_7PC_L,410,0.602701923814584,5.54147290491847,0.85617419000162,row_023,1,0.03125,1,0,0,approximate_centered_bootstrap
94,Ctx_7PC_R,410,1.5381662349693,7.60272500365237,1.16451728017546,row_129,1,0.03125,1,0,0,approximate_centered_bootstrap
95,Ctx_LIPv_L,410,0.619677407932743,5.06206742647873,0.764602920555166,row_314,1,0.03125,1,0,0,approximate_centered_bootstrap
96,Ctx_LIPv_R,410,1.10310421617805,7.64639276619974,1.17973614676049,row_129,1,0.03125,1,0,0,approximate_centered_bootstrap
97,Ctx_VIP_L,410,0.963099480769255,6.33359660373371,0.859175775328176,row_020,1,0.03125,1,0,0,approximate_centered_bootstrap
98,Ctx_VIP_R,410,0.855980402932627,5.90345750641083,0.86969405522134,row_129,1,0.03125,1,0,0,approximate_centered_bootstrap
99,Ctx_MIP_L,410,0.46134499049009,5.5964869914402,0.754147565385284,row_020,1,0.03125,1,0,0,approximate_centered_bootstrap
100,Ctx_MIP_R,410,0.501273189128815,4.68660079056873,0.634062707677534,row_304,1,0.03125,1,0,0,approximate_centered_bootstrap
101,Ctx_1_L,410,0.636935080453145,6.6657321199346,1.12058971783493,row_020,1,0.03125,1,0,0,approximate_centered_bootstrap
102,Ctx_1_R,410,0.566932154539344,6.34674483999178,0.822117775795332,row_370,1,0.03125,1,0,0,approximate_centered_bootstrap
103,Ctx_2_L,410,0.810809569945912,6.92967097955543,1.02909117279585,row_085,1,0.03125,1,0,0,approximate_centered_bootstrap
104,Ctx_2_R,410,0.443799600617474,4.92208303665465,0.778966012676251,row_129,1,0.03125,1,0,0,approximate_centered_bootstrap
105,Ctx_3a_L,410,1.52773468908018,8.62687582109005,1.11277522870373,row_201,1,0.03125,1,0,0,approximate_centered_bootstrap
106,Ctx_3a_R,410,0.340841797998182,5.3486370963264,0.712150934146212,row_007,1,0.03125,1,0,0,approximate_centered_bootstrap
107,Ctx_6d_L,410,0.951177106195085,7.00857363459487,1.04678049360346,row_085,1,0.03125,1,0,0,approximate_centered_bootstrap
108,Ctx_6d_R,410,0.540983343187255,5.59933082169288,0.815021951838432,row_262,1,0.03125,1,0,0,approximate_centered_bootstrap
109,Ctx_6mp_L,410,0.664042180468605,6.59159141871141,0.994678985732057,row_030,1,0.03125,1,0,0,approximate_centered_bootstrap
110,Ctx_6mp_R,410,0.634152724210242,6.02950687731145,0.822830025144412,row_030,1,0.03125,1,0,0,approximate_centered_bootstrap
111,Ctx_6v_L,410,1.72566305838096,8.22703751233621,1.16088952824252,row_326,1,0.03125,1,0,0,approximate_centered_bootstrap
112,Ctx_6v_R,410,1.79185625071071,8.85728495391427,1.17678857294215,row_030,1,0.03125,1,0,0,approximate_centered_bootstrap
113,Ctx_p24pr_L,410,0.369243538592677,4.5333768348401,0.689918581929244,row_030,1,0.03125,1,0,0,approximate_centered_bootstrap
114,Ctx_p24pr_R,410,0.782697992150224,6.32169710072423,0.949040237972926,row_285,1,0.0625,1,0,0,approximate_centered_bootstrap
115,Ctx_33pr_L,410,0.382089043742032,3.94256466577665,0.534743457007258,row_339,1,0.15625,1,0,0,approximate_centered_bootstrap
116,Ctx_33pr_R,410,0.834951370534249,7.0704304218496,1.04438025794258,row_403,1,0.03125,1,0,0,approximate_centered_bootstrap
117,Ctx_a24pr_L,410,0.908832658657566,7.18282214428128,0.845445801264853,row_201,1,0.03125,1,0,0,approximate_centered_bootstrap
118,Ctx_a24pr_R,410,0.382840350278862,4.74003569165417,0.6582254958518,row_403,1,0.03125,1,0,0,approximate_centered_bootstrap
119,Ctx_p32pr_L,410,0.4155217632424,5.32000252647886,0.749686184130968,row_137,1,0.03125,1,0,0,approximate_centered_bootstrap
120,Ctx_p32pr_R,410,0.548275334447736,5.41482525226653,0.731053912009949,row_129,1,0.03125,1,0,0,approximate_centered_bootstrap
121,Ctx_a24_L,410,0.309796897730889,4.55303415513271,0.681798004826809,row_255,1,0.03125,1,0,0,approximate_centered_bootstrap
122,Ctx_a24_R,410,0.472862178574091,5.55592205112912,0.754087478168974,row_255,1,0.03125,1,0,0,approximate_centered_bootstrap
123,Ctx_d32_L,410,0.542004909671959,4.38090462288738,0.863514478287843,row_285,1,0.03125,1,0,0,approximate_centered_bootstrap
124,Ctx_d32_R,410,0.388200371192624,4.95900593911966,0.803433169990769,row_285,1,0.03125,1,0,0,approximate_centered_bootstrap
125,Ctx_8BM_L,410,0.402147939623401,4.17435153029909,0.641578028411486,row_256,1,0.03125,1,0,0,approximate_centered_bootstrap
126,Ctx_8BM_R,410,0.550810321965535,4.88490941634513,0.707924706113576,row_256,1,0.03125,1,0,0,approximate_centered_bootstrap
127,Ctx_p32_L,410,0.443955748541035,5.18009999960654,0.767654993091114,row_334,1,0.125,1,0,0,approximate_centered_bootstrap
128,Ctx_p32_R,410,0.535431041967929,4.72668961000623,0.688876919041449,row_056,1,0.03125,1,0,0,approximate_centered_bootstrap
129,Ctx_10r_L,410,0.430804420168443,4.54199153471839,0.611228745791766,row_405,1,0.03125,1,0,0,approximate_centered_bootstrap
130,Ctx_10r_R,410,0.553742417035447,5.76507091582669,0.673676292556801,row_035,1,0.03125,1,0,0,approximate_centered_bootstrap
131,Ctx_47m_L,410,0.884538669205155,6.37448815637845,0.915358201842927,row_129,1,0.0625,1,0,0,approximate_centered_bootstrap
132,Ctx_47m_R,410,0.391603255003243,5.35325919415813,0.921246823932536,row_317,1,0.125,1,0,0,approximate_centered_bootstrap
133,Ctx_8Av_L,410,0.490615012794019,5.06084915917127,0.753093200388011,row_020,1,0.03125,1,0,0,approximate_centered_bootstrap
134,Ctx_8Av_R,410,0.388056034540325,4.54570297007206,0.746811866965456,row_317,1,0.03125,1,0,0,approximate_centered_bootstrap
135,Ctx_8Ad_L,410,0.820844652750007,7.04687232224288,0.885686282021765,row_370,1,0.03125,1,0,0,approximate_centered_bootstrap
136,Ctx_8Ad_R,410,0.387952219814783,4.91155185577707,0.687765597624769,row_296,1,0.03125,1,0,0,approximate_centered_bootstrap
137,Ctx_9m_L,410,0.330913836687212,5.28260531607436,0.812499365473667,row_209,1,0.03125,1,0,0,approximate_centered_bootstrap
138,Ctx_9m_R,410,0.420098570469014,5.04531096387156,0.806356878395488,row_129,1,0.03125,1,0,0,approximate_centered_bootstrap
139,Ctx_8BL_L,410,0.321539456634265,5.11923316294599,0.830709699612302,row_335,1,0.03125,1,0,0,approximate_centered_bootstrap
140,Ctx_8BL_R,410,0.514662751224863,5.20201165699739,0.702687491810231,row_007,1,0.03125,1,0,0,approximate_centered_bootstrap
141,Ctx_9p_L,410,0.357928340910543,4.41741518461286,0.693845033845597,row_257,1,0.03125,1,0,0,approximate_centered_bootstrap
142,Ctx_9p_R,410,0.406878282344709,5.47259797020534,0.796465874201461,row_129,1,0.03125,1,0,0,approximate_centered_bootstrap
143,Ctx_10d_L,410,0.461564165461826,5.96343280482639,0.871732970518299,row_056,1,0.09375,1,0,0,approximate_centered_bootstrap
144,Ctx_10d_R,410,0.646057519469964,5.58906551324161,0.858799029670661,row_209,1,0.03125,1,0,0,approximate_centered_bootstrap
145,Ctx_8C_L,410,0.43257216645973,5.12307953760471,0.743405991660481,row_403,1,0.03125,1,0,0,approximate_centered_bootstrap
146,Ctx_8C_R,410,0.494357671462204,5.98257574723671,0.799938080679852,row_030,1,0.03125,1,0,0,approximate_centered_bootstrap
147,Ctx_44_L,410,0.51898695603692,5.61417959302949,0.782700718057766,row_129,1,0.03125,1,0,0,approximate_centered_bootstrap
148,Ctx_44_R,410,0.392519751622736,5.02639062952568,0.798521303303943,row_361,1,0.03125,1,0,0,approximate_centered_bootstrap
149,Ctx_45_L,410,0.864257065045997,7.44538650588336,1.04574580113445,row_194,1,0.03125,1,0,0,approximate_centered_bootstrap
150,Ctx_45_R,410,0.37353097612649,5.14146118785033,0.668833415919964,row_282,1,0.03125,1,0,0,approximate_centered_bootstrap
151,Ctx_47l_L,410,0.485340363424905,6.12730335799609,0.858234920358173,row_129,1,0.03125,1,0,0,approximate_centered_bootstrap
152,Ctx_47l_R,410,0.644182339979425,5.34593847408916,0.918254628504638,row_129,1,0.03125,1,0,0,approximate_centered_bootstrap
153,Ctx_a47r_L,410,1.19508102044217,7.70021803912553,1.06262944566057,row_129,1,0.03125,1,0,0,approximate_centered_bootstrap
154,Ctx_a47r_R,410,1.31130674904896,8.57144849105353,1.24780301127806,row_370,1,0.03125,1,0,0,approximate_centered_bootstrap
155,Ctx_6r_L,410,0.446161381353434,5.53066834466566,0.798274165261326,row_129,1,0.03125,1,0,0,approximate_centered_bootstrap
156,Ctx_6r_R,410,0.326864186989061,5.54600768947737,0.723599797725871,row_020,1,0.03125,1,0,0,approximate_centered_bootstrap
157,Ctx_IFJa_L,410,0.683094804535669,5.87391445347795,0.806702358248051,row_035,1,0.03125,1,0,0,approximate_centered_bootstrap
158,Ctx_IFJa_R,410,0.437242440925219,5.4208998477804,0.646089326927277,row_134,1,0.03125,1,0,0,approximate_centered_bootstrap
159,Ctx_IFJp_L,410,0.441309584819724,5.34352377516704,0.792598861164125,row_099,1,0.03125,1,0,0,approximate_centered_bootstrap
160,Ctx_IFJp_R,410,0.492449568105836,5.22206646431113,0.799517836123474,row_129,1,0.03125,1,0,0,approximate_centered_bootstrap
161,Ctx_IFSp_L,410,0.563741942218203,6.86002062427307,0.87056366982365,row_194,1,0.03125,1,0,0,approximate_centered_bootstrap
162,Ctx_IFSp_R,410,0.416988809378192,4.68504734465463,0.659262433074961,row_132,1,0.03125,1,0,0,approximate_centered_bootstrap
163,Ctx_IFSa_L,410,0.859675728448971,6.6617000337768,0.950081127596525,row_129,1,0.03125,1,0,0,approximate_centered_bootstrap
164,Ctx_IFSa_R,410,0.347895226744365,5.30028552268633,0.650771780886918,row_201,1,0.03125,1,0,0,approximate_centered_bootstrap
165,Ctx_p9_46v_L,410,0.471440595730982,5.74648464221578,0.838864165560607,row_194,1,0.03125,1,0,0,approximate_centered_bootstrap
166,Ctx_p9_46v_R,410,0.533021724489125,5.95083384296143,0.795505778353785,row_056,1,0.03125,1,0,0,approximate_centered_bootstrap
167,Ctx_46_L,410,0.526724305744483,5.36335268842881,0.824726729233162,row_101,1,0.03125,1,0,0,approximate_centered_bootstrap
168,Ctx_46_R,410,0.340185913815439,5.26611003351848,0.829443034551406,row_366,1,0.03125,1,0,0,approximate_centered_bootstrap
169,Ctx_a9_46v_L,410,1.36310899962195,8.29378839394273,0.978899536808718,row_194,1,0.03125,1,0,0,approximate_centered_bootstrap
170,Ctx_a9_46v_R,410,0.586373438466587,6.01673697092344,0.776212992135872,row_030,1,0.03125,1,0,0,approximate_centered_bootstrap
171,Ctx_9_46d_L,410,0.720870417211641,5.52364101810287,0.870609766187393,row_129,1,0.03125,1,0,0,approximate_centered_bootstrap
172,Ctx_9_46d_R,410,0.736529703686652,7.0390785392987,1.0358029175051,row_101,1,0.03125,1,0,0,approximate_centered_bootstrap
173,Ctx_9a_L,410,0.524713217521601,5.57930101166192,0.781987163505313,row_020,1,0.03125,1,0,0,approximate_centered_bootstrap
174,Ctx_9a_R,410,0.625341833163388,6.15731562926809,0.956127492538928,row_209,1,0.03125,1,0,0,approximate_centered_bootstrap
175,Ctx_10v_L,410,0.801739452151585,6.44840682546192,1.07563005372349,row_370,1,0.03125,1,0,0,approximate_centered_bootstrap
176,Ctx_10v_R,410,0.510243363678281,5.14040609258902,0.75304853103735,row_370,1,0.03125,1,0,0,approximate_centered_bootstrap
177,Ctx_a10p_L,410,1.32030654323868,8.27570296587561,1.24036412874597,row_083,1,0.03125,1,0,0,approximate_centered_bootstrap
178,Ctx_a10p_R,410,4.73078259120821,12.4152594444737,1.80536469685557,row_370,1,0.03125,1,0,0,approximate_centered_bootstrap
179,Ctx_10pp_L,410,0.724577741386142,6.32290768293691,0.797749437955918,row_321,1,0.03125,1,0,0,approximate_centered_bootstrap
180,Ctx_10pp_R,410,1.51724319901094,7.8544075168252,1.03762480204322,row_370,1,0.03125,1,0,0,approximate_centered_bootstrap
181,Ctx_11l_L,410,2.54500094208959,9.8931965791911,1.64429230564868,row_129,1,0.03125,1,0,0,approximate_centered_bootstrap
182,Ctx_11l_R,410,0.649550122175899,6.41672077242942,1.05467536591961,row_129,1,0.0625,1,0,0,approximate_centered_bootstrap
183,Ctx_13l_L,410,1.0722453611571,7.71366330860564,1.26874613683691,row_129,1,0.0625,1,0,0,approximate_centered_bootstrap
184,Ctx_13l_R,410,0.449134673736427,5.23353624012977,0.688564463723304,row_189,1,0.125,1,0,0,approximate_centered_bootstrap
185,Ctx_OFC_L,410,0.350091637085657,4.67806078779981,0.760536655413161,row_129,1,0.28125,1,0,0,approximate_centered_bootstrap
186,Ctx_OFC_R,410,0.400096710844399,4.83640638891757,0.726901348382215,row_096,1,0.15625,1,0,0,approximate_centered_bootstrap
187,Ctx_47s_L,410,0.500824213705859,5.71051599877817,0.709161888521132,row_201,1,0.25,1,0,0,approximate_centered_bootstrap
188,Ctx_47s_R,410,0.43471159943321,4.95509533765265,0.675966009785345,row_256,1,0.03125,1,0,0,approximate_centered_bootstrap
189,Ctx_LIPd_L,410,0.338404296755672,5.59161119509751,0.780931390476491,row_045,1,0.03125,1,0,0,approximate_centered_bootstrap
190,Ctx_LIPd_R,410,0.447077735052157,5.44886108532611,0.708831048120504,row_182,1,0.03125,1,0,0,approximate_centered_bootstrap
191,Ctx_6a_L,410,0.530473883687822,5.48938591587701,0.807531271762412,row_191,1,0.03125,1,0,0,approximate_centered_bootstrap
192,Ctx_6a_R,410,0.349473408373056,4.59494222709021,0.791358796911214,row_296,1,0.03125,1,0,0,approximate_centered_bootstrap
193,Ctx_i6_8_L,410,0.372153110666204,4.26472617680414,0.668984828936031,row_020,1,0.03125,1,0,0,approximate_centered_bootstrap
194,Ctx_i6_8_R,410,0.498527870138473,6.3504453236479,0.862391445183494,row_367,1,0.03125,1,0,0,approximate_centered_bootstrap
195,Ctx_s6_8_L,410,0.477625210757947,6.37593737149436,0.918843920779162,row_020,1,0.03125,1,0,0,approximate_centered_bootstrap
196,Ctx_s6_8_R,410,0.394787661819737,4.47862766406412,0.617705198631993,row_048,1,0.03125,1,0,0,approximate_centered_bootstrap
197,Ctx_43_L,410,0.41753409071832,5.83206285691851,0.823651352699121,row_020,1,0.03125,1,0,0,approximate_centered_bootstrap
198,Ctx_43_R,410,0.690509600169993,5.85365786801545,0.845836395560579,row_030,1,0.0625,1,0,0,approximate_centered_bootstrap
199,Ctx_OP4_L,410,0.77909542914072,6.98526559036934,1.01888324962331,row_020,1,0.03125,1,0,0,approximate_centered_bootstrap
200,Ctx_OP4_R,410,0.790251498766001,6.28525168483964,0.961762460577093,row_020,1,0.03125,1,0,0,approximate_centered_bootstrap
201,Ctx_OP1_L,410,0.801003739222889,6.65290442783154,0.70641758337878,row_020,1,0.03125,1,0,0,approximate_centered_bootstrap
202,Ctx_OP1_R,410,0.334419070051063,4.87363526392037,0.810543360938197,row_030,1,0.03125,1,0,0,approximate_centered_bootstrap
203,Ctx_OP2_3_L,410,0.434123141287757,4.8373161511045,0.639788900445647,row_056,1,0.15625,1,0,0,approximate_centered_bootstrap
204,Ctx_OP2_3_R,410,0.538782974832588,7.0792836757206,1.0850550369899,row_030,1,0.15625,1,0,0,approximate_centered_bootstrap
205,Ctx_52_L,410,0.333483127970169,4.14766280007633,0.650040478987285,row_056,1,0.09375,1,0,0,approximate_centered_bootstrap
206,Ctx_52_R,410,0.455474635317219,5.413149530636,0.774587226377535,row_201,1,0.375,1,0,0,approximate_centered_bootstrap
207,Ctx_RI_L,410,0.565310180938076,5.62705228400803,0.998148980118679,row_056,1,0.03125,1,0,0,approximate_centered_bootstrap
208,Ctx_RI_R,410,0.401880865065149,5.45372908946738,0.696263899680233,row_319,1,0.03125,1,0,0,approximate_centered_bootstrap
209,Ctx_PFcm_L,410,0.474517456681612,5.50797151434514,0.727100924078486,row_020,1,0.03125,1,0,0,approximate_centered_bootstrap
210,Ctx_PFcm_R,410,0.624214618137817,5.76606920965987,0.713718032332581,row_020,1,0.03125,1,0,0,approximate_centered_bootstrap
211,Ctx_PoI2_L,410,0.688581164936596,5.53841249557377,0.772664566299199,row_200,1,0.0625,1,0,0,approximate_centered_bootstrap
212,Ctx_PoI2_R,410,0.574009990675219,5.31269293724069,0.877928199433087,row_150,1,0.0625,1,0,0,approximate_centered_bootstrap
213,Ctx_TA2_L,410,2.63281641126201,10.6063203045307,1.73614636021735,row_194,1,0.03125,1,0,0,approximate_centered_bootstrap
214,Ctx_TA2_R,410,0.429977098040355,5.9137353769788,0.683872316339218,row_284,1,0.09375,1,0,0,approximate_centered_bootstrap
215,Ctx_FOP4_L,410,0.61383144395396,5.83600465366239,0.879271997844577,row_194,1,0.03125,1,0,0,approximate_centered_bootstrap
216,Ctx_FOP4_R,410,0.55738070070766,5.26427158256715,0.730611066667666,row_020,1,0.03125,1,0,0,approximate_centered_bootstrap
217,Ctx_MI_L,410,0.920277840962146,6.56424347090552,0.769249378292916,row_194,1,0.03125,1,0,0,approximate_centered_bootstrap
218,Ctx_MI_R,410,0.417880456008189,5.00812809415224,0.697394033378851,row_129,1,0.03125,1,0,0,approximate_centered_bootstrap
219,Ctx_Pir_L,410,0.469983695329484,4.67283908859098,0.715026965516464,row_194,1,0.28125,1,0,0,approximate_centered_bootstrap
220,Ctx_Pir_R,410,0.482004909635226,5.38706208643665,0.704597623226262,row_089,1,0.40625,1,0,0,approximate_centered_bootstrap
221,Ctx_AVI_L,410,0.848828192412991,7.24740953427712,0.888419611065396,row_030,1,0.03125,1,0,0,approximate_centered_bootstrap
222,Ctx_AVI_R,410,0.231316737716843,4.46780502054942,0.616641926181872,row_033,1,0.03125,1,0,0,approximate_centered_bootstrap
223,Ctx_AAIC_L,410,0.503031308404492,4.88282604222649,0.573872910101263,row_056,1,0.03125,1,0,0,approximate_centered_bootstrap
224,Ctx_AAIC_R,410,0.386593118442677,4.77917172123842,0.640268238769438,row_045,1,0.03125,1,0,0,approximate_centered_bootstrap
225,Ctx_FOP1_L,410,0.521804075591312,5.79489799583634,0.694791517168418,row_323,1,0.03125,1,0,0,approximate_centered_bootstrap
226,Ctx_FOP1_R,410,0.364568614945051,5.12017110123905,0.728562210124592,row_020,1,0.03125,1,0,0,approximate_centered_bootstrap
227,Ctx_FOP3_L,410,0.365103144696748,6.17276671061473,0.81422238818075,row_030,1,0.0625,1,0,0,approximate_centered_bootstrap
228,Ctx_FOP3_R,410,0.459427646032966,5.36136451005682,0.803191016580213,row_020,1,0.3125,1,0,0,approximate_centered_bootstrap
229,Ctx_FOP2_L,410,0.483049931532422,5.62108511688992,0.908634877046329,row_403,1,0.03125,1,0,0,approximate_centered_bootstrap
230,Ctx_FOP2_R,410,1.33910776794694,8.4700138565388,1.16161429527184,row_020,1,0.3125,1,0,0,approximate_centered_bootstrap
231,Ctx_PFt_L,410,0.954635069571587,6.63173257554823,0.841262984592985,row_085,1,0.03125,1,0,0,approximate_centered_bootstrap
232,Ctx_PFt_R,410,0.6177993342251,5.2677475456042,0.731844336633019,row_371,1,0.03125,1,0,0,approximate_centered_bootstrap
233,Ctx_AIP_L,410,0.416288842318198,4.31241954917759,0.595510248235463,row_361,1,0.03125,1,0,0,approximate_centered_bootstrap
234,Ctx_AIP_R,410,0.387294758566403,4.47448360730113,0.724341508159004,row_316,1,0.03125,1,0,0,approximate_centered_bootstrap
235,Ctx_EC_L,410,0.602898138883391,6.37324103933889,1.0703894504119,row_275,1,0.3125,1,0,0,approximate_centered_bootstrap
236,Ctx_EC_R,410,0.437771212342717,4.97043055643005,0.722644454461353,row_117,1,0.375,1,0,0,approximate_centered_bootstrap
237,Ctx_PreS_L,410,0.456532623235468,6.04353007064484,0.77397357432355,row_030,1,0.09375,1,0,0,approximate_centered_bootstrap
238,Ctx_PreS_R,410,0.500866899173221,5.25966552563967,0.677735493321894,row_030,1,0.1875,1,0,0,approximate_centered_bootstrap
239,Ctx_H_L,410,0.310351677028994,4.82475302100847,0.658997083524203,row_334,1,0.09375,1,0,0,approximate_centered_bootstrap
240,Ctx_H_R,410,0.798690155657092,4.84934219478141,0.690250444874746,row_020,1,0.125,1,0,0,approximate_centered_bootstrap
241,Ctx_ProS_L,410,1.66198103915498,8.32184919863518,0.920967007145204,row_200,1,0.03125,1,0,0,approximate_centered_bootstrap
242,Ctx_ProS_R,410,0.443833658930737,4.97827190294776,0.666751745530204,row_127,1,0.03125,1,0,0,approximate_centered_bootstrap
243,Ctx_PeEc_L,410,0.765835978811355,6.53228882525845,1.10171219687329,row_275,1,0.03125,1,0,0,approximate_centered_bootstrap
244,Ctx_PeEc_R,410,0.474892186668518,5.73753648242175,1.03657576837069,row_030,1,0.03125,1,0,0,approximate_centered_bootstrap
245,Ctx_STGa_L,410,1.14166277295564,7.61504407772805,1.01615270249875,row_194,1,0.03125,1,0,0,approximate_centered_bootstrap
246,Ctx_STGa_R,410,1.15590829802679,7.4193302025672,1.24574715464196,row_032,1,0.03125,1,0,0,approximate_centered_bootstrap
247,Ctx_PBelt_L,410,0.458803315482997,5.10463291420953,0.746123844630144,row_059,1,0.03125,1,0,0,approximate_centered_bootstrap
248,Ctx_PBelt_R,410,0.5007859808714,5.92557924278977,0.850060465670218,row_361,1,0.03125,1,0,0,approximate_centered_bootstrap
249,Ctx_A5_L,410,2.16923031884741,9.47270667789311,1.09348956292132,row_173,1,0.03125,1,0,0,approximate_centered_bootstrap
250,Ctx_A5_R,410,0.486510429249615,5.76572313341311,0.871636644509311,row_032,1,0.03125,1,0,0,approximate_centered_bootstrap
251,Ctx_PHA1_L,410,0.452286204998404,4.72646110883545,0.693035260378188,row_099,1,0.03125,1,0,0,approximate_centered_bootstrap
252,Ctx_PHA1_R,410,0.441052428284806,6.34007481853205,0.756735080063407,row_030,1,0.03125,1,0,0,approximate_centered_bootstrap
253,Ctx_PHA3_L,410,0.883421378234624,7.34100812099958,0.78279043044105,row_030,1,0.03125,1,0,0,approximate_centered_bootstrap
254,Ctx_PHA3_R,410,0.268907703786279,4.05884512314494,0.572433898347186,row_403,1,0.03125,1,0,0,approximate_centered_bootstrap
255,Ctx_STSda_L,410,0.806124814313429,6.82157754070695,0.838605283266732,row_032,1,0.03125,1,0,0,approximate_centered_bootstrap
256,Ctx_STSda_R,410,0.453303883337611,4.93285690059817,0.771997138798017,row_030,1,0.03125,1,0,0,approximate_centered_bootstrap
257,Ctx_STSdp_L,410,0.937913536711767,5.35143645151422,0.937582657863516,row_032,1,0.03125,1,0,0,approximate_centered_bootstrap
258,Ctx_STSdp_R,410,0.249579688931728,4.70025253915117,0.767678289403855,row_182,1,0.03125,1,0,0,approximate_centered_bootstrap
259,Ctx_STSvp_L,410,0.43321489707305,5.50235144902836,0.791278554358621,row_129,1,0.03125,1,0,0,approximate_centered_bootstrap
260,Ctx_STSvp_R,410,0.772817334619826,6.67562596394268,0.874708276432628,row_060,1,0.03125,1,0,0,approximate_centered_bootstrap
261,Ctx_TGd_L,410,0.636781488469306,5.96337317784016,0.768903916015758,row_275,1,0.03125,1,0,0,approximate_centered_bootstrap
262,Ctx_TGd_R,410,0.46275273141543,5.89172229148803,0.881506520917123,row_032,1,0.03125,1,0,0,approximate_centered_bootstrap
263,Ctx_TE1a_L,410,2.28868848198591,9.64264366830188,1.12575276391188,row_030,1,0.15625,1,0,0,approximate_centered_bootstrap
264,Ctx_TE1a_R,410,4.32908780830986,12.0910162586226,1.54800112508687,row_045,1,0.09375,1,0,0,approximate_centered_bootstrap
265,Ctx_TE1p_L,410,0.406916243710528,5.52658644896745,0.86091850625351,row_129,1,0.03125,1,0,0,approximate_centered_bootstrap
266,Ctx_TE1p_R,410,0.693853406977633,5.22656641788735,0.765886418154798,row_201,1,0.03125,1,0,0,approximate_centered_bootstrap
267,Ctx_TE2a_L,410,0.535662469263989,6.34537738405913,0.869966868151762,row_255,1,0.0625,1,0,0,approximate_centered_bootstrap
268,Ctx_TE2a_R,410,0.488048329984523,6.23069789743386,0.83639539145208,row_201,1,0.03125,1,0,0,approximate_centered_bootstrap
269,Ctx_TF_L,410,0.462767004638773,4.44811899813989,0.741038011344273,row_034,1,0.03125,1,0,0,approximate_centered_bootstrap
270,Ctx_TF_R,410,0.409021811311416,5.7121529026224,0.685819073462155,row_020,1,0.03125,1,0,0,approximate_centered_bootstrap
271,Ctx_TE2p_L,410,0.686215004669866,6.60927326548287,1.06624459191551,row_129,1,0.03125,1,0,0,approximate_centered_bootstrap
272,Ctx_TE2p_R,410,1.23409918705101,8.15212517372082,1.07264158583634,row_030,1,0.03125,1,0,0,approximate_centered_bootstrap
273,Ctx_PHT_L,410,0.460184731237229,6.1619926641516,0.865882159167396,row_128,1,0.03125,1,0,0,approximate_centered_bootstrap
274,Ctx_PHT_R,410,0.263534254529749,4.91170532741578,0.855840981900066,row_201,1,0.03125,1,0,0,approximate_centered_bootstrap
275,Ctx_PH_L,410,0.384421270564381,4.806244228471,0.769756025217087,row_020,1,0.03125,1,0,0,approximate_centered_bootstrap
276,Ctx_PH_R,410,0.476006465686729,4.9342370170544,0.792366123339892,row_201,1,0.03125,1,0,0,approximate_centered_bootstrap
277,Ctx_TPOJ1_L,410,1.11409512945357,6.50591592758072,0.881386285393591,row_399,1,0.03125,1,0,0,approximate_centered_bootstrap
278,Ctx_TPOJ1_R,410,0.787959752314077,5.81368134910262,0.86952894622464,row_023,1,0.03125,1,0,0,approximate_centered_bootstrap
279,Ctx_TPOJ2_L,410,0.518986528529059,4.98248299277565,0.789643052007347,row_343,1,0.03125,1,0,0,approximate_centered_bootstrap
280,Ctx_TPOJ2_R,410,0.442657508647017,5.32509656605404,0.719701230402895,row_011,1,0.03125,1,0,0,approximate_centered_bootstrap
281,Ctx_TPOJ3_L,410,0.392683381598974,5.62801932159995,0.737688342612101,row_022,1,0.03125,1,0,0,approximate_centered_bootstrap
282,Ctx_TPOJ3_R,410,0.431083713500084,5.52877112337037,0.73102644211734,row_129,1,0.03125,1,0,0,approximate_centered_bootstrap
283,Ctx_DVT_L,410,0.708562809250965,6.32781463947154,0.860175125442279,row_020,1,0.03125,1,0,0,approximate_centered_bootstrap
284,Ctx_DVT_R,410,0.371040930159119,5.02342804626122,0.782608670698192,row_129,1,0.03125,1,0,0,approximate_centered_bootstrap
285,Ctx_PGp_L,410,0.556349324083241,6.10591301022891,0.780501990919085,row_129,1,0.03125,1,0,0,approximate_centered_bootstrap
286,Ctx_PGp_R,410,0.314191901220876,5.00645238124274,0.775585074966399,row_403,1,0.03125,1,0,0,approximate_centered_bootstrap
287,Ctx_IP2_L,410,0.331899640958663,5.2018455458693,0.782468585782398,row_319,1,0.03125,1,0,0,approximate_centered_bootstrap
288,Ctx_IP2_R,410,0.484142422824763,4.85174871304884,0.665881112201592,row_056,1,0.03125,1,0,0,approximate_centered_bootstrap
289,Ctx_IP1_L,410,0.501784283232137,5.27426984837417,0.783437661700773,row_209,1,0.03125,1,0,0,approximate_centered_bootstrap
290,Ctx_IP1_R,410,0.350859652898891,4.73518416011817,0.752526067281089,row_020,1,0.03125,1,0,0,approximate_centered_bootstrap
291,Ctx_IP0_L,410,1.2540500163799,8.01014722778029,1.11328698300702,row_209,1,0.03125,1,0,0,approximate_centered_bootstrap
292,Ctx_IP0_R,410,0.693339121112324,6.02971634449197,0.764021743314522,row_129,1,0.03125,1,0,0,approximate_centered_bootstrap
293,Ctx_PFop_L,410,1.15514914461102,7.98437219913004,1.2759134863837,row_101,1,0.03125,1,0,0,approximate_centered_bootstrap
294,Ctx_PFop_R,410,0.530619565493403,5.10589587968806,0.751530712685147,row_056,1,0.03125,1,0,0,approximate_centered_bootstrap
295,Ctx_PF_L,410,0.899331080920676,6.821894262143,0.987449745882025,row_101,1,0.03125,1,0,0,approximate_centered_bootstrap
296,Ctx_PF_R,410,0.371817085872357,5.68725695776515,0.823131806227117,row_201,1,0.03125,1,0,0,approximate_centered_bootstrap
297,Ctx_PFm_L,410,0.588672754447522,5.96721553750483,0.757327909839586,row_201,1,0.03125,1,0,0,approximate_centered_bootstrap
298,Ctx_PFm_R,410,0.38135965184563,5.01868281507133,0.727504707942369,row_201,1,0.03125,1,0,0,approximate_centered_bootstrap
299,Ctx_PGi_L,410,0.42182840454309,5.6629806937458,0.87589779729798,row_007,1,0.03125,1,0,0,approximate_centered_bootstrap
300,Ctx_PGi_R,410,0.405127754834606,5.96045575065022,0.950134239508894,row_201,1,0.03125,1,0,0,approximate_centered_bootstrap
301,Ctx_PGs_L,410,0.595558272938983,5.23708363240293,0.732935999424353,row_252,1,0.03125,1,0,0,approximate_centered_bootstrap
302,Ctx_PGs_R,410,0.47571840742657,5.21915005094393,0.759205995810055,row_209,1,0.03125,1,0,0,approximate_centered_bootstrap
303,Ctx_V6A_L,410,1.15084935960777,7.01356795719451,0.987016660031105,row_129,1,0.03125,1,0,0,approximate_centered_bootstrap
304,Ctx_V6A_R,410,0.533746316988798,5.93376531390633,0.821461557780545,row_084,1,0.03125,1,0,0,approximate_centered_bootstrap
305,Ctx_VMV1_L,410,0.321531047832991,4.66556761425981,0.753673917662316,row_129,1,0.03125,1,0,0,approximate_centered_bootstrap
306,Ctx_VMV1_R,410,0.643762514579345,5.47692848454792,0.75318306305881,row_030,1,0.03125,1,0,0,approximate_centered_bootstrap
307,Ctx_VMV3_L,410,0.537237977751586,4.76881603892757,0.754881803265626,row_332,1,0.03125,1,0,0,approximate_centered_bootstrap
308,Ctx_VMV3_R,410,0.455733841600765,4.87070963435401,0.687984335652321,row_285,1,0.03125,1,0,0,approximate_centered_bootstrap
309,Ctx_PHA2_L,410,0.390059691532329,4.51738448625133,0.613159771301431,row_030,1,0.03125,1,0,0,approximate_centered_bootstrap
310,Ctx_PHA2_R,410,0.363112465528563,5.26596343069602,0.686105077455151,row_172,1,0.03125,1,0,0,approximate_centered_bootstrap
311,Ctx_V4t_L,410,0.853647770389775,6.48437107093733,0.928840802897231,row_020,1,0.03125,1,0,0,approximate_centered_bootstrap
312,Ctx_V4t_R,410,1.00904967035505,6.954465398426,0.832280796931871,row_165,1,0.03125,1,0,0,approximate_centered_bootstrap
313,Ctx_FST_L,410,0.645949197026341,6.22197327421587,0.905580254984625,row_209,1,0.03125,1,0,0,approximate_centered_bootstrap
314,Ctx_FST_R,410,0.30458344133808,4.95821405203682,0.774007835703396,row_129,1,0.03125,1,0,0,approximate_centered_bootstrap
315,Ctx_V3CD_L,410,0.585583766575674,5.20262460970784,0.808826732606619,row_020,1,0.03125,1,0,0,approximate_centered_bootstrap
316,Ctx_V3CD_R,410,0.57382949556698,6.04785559541793,0.7168872092298,row_020,1,0.03125,1,0,0,approximate_centered_bootstrap
317,Ctx_LO3_L,410,1.5430862771677,7.98405292672161,1.09554718018165,row_129,1,0.03125,1,0,0,approximate_centered_bootstrap
318,Ctx_LO3_R,410,0.361623694977411,5.37042844260817,0.76836111036771,row_280,1,0.03125,1,0,0,approximate_centered_bootstrap
319,Ctx_VMV2_L,410,0.390806854038251,5.24198943037605,0.684932081737089,row_314,1,0.03125,1,0,0,approximate_centered_bootstrap
320,Ctx_VMV2_R,410,0.906594912647039,6.27358695836247,0.756138929530058,row_277,1,0.03125,1,0,0,approximate_centered_bootstrap
321,Ctx_31pd_L,410,0.470315985133242,5.26439092109387,0.740447832031055,row_020,1,0.03125,1,0,0,approximate_centered_bootstrap
322,Ctx_31pd_R,410,0.339022878694144,4.89826556730048,0.640100818472808,row_175,1,0.03125,1,0,0,approximate_centered_bootstrap
323,Ctx_31a_L,410,0.416505529901379,4.49876853091749,0.683305355963353,row_030,1,0.03125,1,0,0,approximate_centered_bootstrap
324,Ctx_31a_R,410,0.287154021750704,4.81586141096068,0.756424951974757,row_255,1,0.03125,1,0,0,approximate_centered_bootstrap
325,Ctx_VVC_L,410,0.375828523870739,5.42031763923454,0.874727923280708,row_020,1,0.03125,1,0,0,approximate_centered_bootstrap
326,Ctx_VVC_R,410,0.346464834834349,4.95124296908528,0.775813390995337,row_129,1,0.03125,1,0,0,approximate_centered_bootstrap
327,Ctx_25_L,410,0.482261620611916,5.42749774621702,0.702013059086817,row_129,1,0.46875,1,0,0,approximate_centered_bootstrap
328,Ctx_25_R,410,0.494695010705995,5.34617848157742,0.670465715857616,row_143,1,0.125,1,0,0,approximate_centered_bootstrap
329,Ctx_s32_L,410,0.429515905597495,5.70054709369803,0.824165762164026,row_204,1,0.03125,1,0,0,approximate_centered_bootstrap
330,Ctx_s32_R,410,0.395781749253607,5.86211631281753,0.888516319461913,row_129,1,0.0625,1,0,0,approximate_centered_bootstrap
331,Ctx_pOFC_L,410,0.378412766884115,4.72861159070116,0.663196242742859,row_020,1,0.125,1,0,0,approximate_centered_bootstrap
332,Ctx_pOFC_R,410,0.618951447122479,5.90457036934559,0.789487904326552,row_275,1,0.46875,1,0,0,approximate_centered_bootstrap
333,Ctx_PoI1_L,410,0.527696837305198,4.84744173128403,0.639752054312791,row_129,1,0.03125,1,0,0,approximate_centered_bootstrap
334,Ctx_PoI1_R,410,0.500913816403044,6.04468992664036,0.886307090188646,row_150,1,0.03125,1,0,0,approximate_centered_bootstrap
335,Ctx_Ig_L,410,0.415997826648723,4.66092676590882,0.604277639247707,row_030,1,0.0625,1,0,0,approximate_centered_bootstrap
336,Ctx_Ig_R,410,2.40825175336876,10.1403443063465,1.11165874760303,row_030,1,0.09375,1,0,0,approximate_centered_bootstrap
337,Ctx_FOP5_L,410,1.55861424911926,8.68812039740229,1.07227908907902,row_194,1,0.03125,1,0,0,approximate_centered_bootstrap
338,Ctx_FOP5_R,410,0.250627860325147,4.31438962532173,0.621431162830033,row_129,1,0.03125,1,0,0,approximate_centered_bootstrap
339,Ctx_p10p_L,410,0.397844876742171,5.60100429487333,0.784145364562974,row_336,1,0.03125,1,0,0,approximate_centered_bootstrap
340,Ctx_p10p_R,410,0.438555914881698,5.50839494051951,0.937247239281078,row_209,1,0.03125,1,0,0,approximate_centered_bootstrap
341,Ctx_p47r_L,410,0.601293519765339,6.32485663738566,1.01042165586532,row_194,1,0.03125,1,0,0,approximate_centered_bootstrap
342,Ctx_p47r_R,410,0.55568509402559,5.23509520058232,0.706687081325476,row_007,1,0.03125,1,0,0,approximate_centered_bootstrap
343,Ctx_TGv_L,410,1.25263513586282,8.0021806457617,1.09377677917646,row_129,1,0.03125,1,0,0,approximate_centered_bootstrap
344,Ctx_TGv_R,410,0.437253106806225,4.99597315712971,0.694833990563712,row_277,1,0.03125,1,0,0,approximate_centered_bootstrap
345,Ctx_MBelt_L,410,0.528185927734376,5.03254664657213,0.715245965858314,row_145,1,0.03125,1,0,0,approximate_centered_bootstrap
346,Ctx_MBelt_R,410,0.581289486170664,5.72247926653627,0.698001483889156,row_189,1,0.03125,1,0,0,approximate_centered_bootstrap
347,Ctx_LBelt_L,410,0.701073460860936,6.41324939123154,0.798867466327651,row_201,1,0.03125,1,0,0,approximate_centered_bootstrap
348,Ctx_LBelt_R,410,0.764264439846128,4.99781166930449,0.722669524009894,row_209,1,0.03125,1,0,0,approximate_centered_bootstrap
349,Ctx_A4_L,410,1.27939555242243,8.40278868458635,1.00023711790386,row_030,1,0.03125,1,0,0,approximate_centered_bootstrap
350,Ctx_A4_R,410,0.875789618303808,7.41761280633522,0.747244424414484,row_388,1,0.03125,1,0,0,approximate_centered_bootstrap
351,Ctx_STSva_L,410,0.389725717297037,4.76185158513495,0.73565680862532,row_403,1,0.03125,1,0,0,approximate_centered_bootstrap
352,Ctx_STSva_R,410,1.214551256412,8.76864931695228,1.17819463566692,row_045,1,0.03125,1,0,0,approximate_centered_bootstrap
353,Ctx_TE1m_L,410,0.752711296540062,6.67235304400424,1.13558450542097,row_129,1,0.03125,1,0,0,approximate_centered_bootstrap
354,Ctx_TE1m_R,410,0.862408958001836,7.88710513188279,1.0809687051229,row_060,1,0.03125,1,0,0,approximate_centered_bootstrap
355,Ctx_PI_L,410,0.474690460978511,5.66080313649207,0.745631389941438,row_244,1,0.03125,1,0,0,approximate_centered_bootstrap
356,Ctx_PI_R,410,0.362168673664342,5.00066922308215,0.824553967828837,row_030,1,0.03125,1,0,0,approximate_centered_bootstrap
357,Ctx_a32pr_L,410,0.576137091713877,4.76309025656626,0.676952811573924,row_020,1,0.03125,1,0,0,approximate_centered_bootstrap
358,Ctx_a32pr_R,410,0.355874454044836,4.70155495442969,0.5938659506955,row_242,1,0.03125,1,0,0,approximate_centered_bootstrap
359,Ctx_p24_L,410,0.475353174542514,5.27300047086869,0.702721083254272,row_080,1,0.03125,1,0,0,approximate_centered_bootstrap
360,Ctx_p24_R,410,0.240615547529928,5.29989499968995,0.824217678903095,row_285,1,0.03125,1,0,0,approximate_centered_bootstrap
361,Caudate_Cp_L,410,0.382299604637156,5.02807670045307,0.642117688909975,row_370,1,0.03125,1,0,0,approximate_centered_bootstrap
362,Caudate_Cp_R,410,1.12887306935154,7.48156649466018,1.29325930515169,row_030,1,0.03125,1,0,0,approximate_centered_bootstrap
363,Putamen_Pa_L,410,0.488767002014163,6.36738438957546,0.839126673027822,row_129,1,0.03125,1,0,0,approximate_centered_bootstrap
364,Putamen_Pa_R,410,0.344621027867492,5.10486782615324,0.654266094513532,row_030,1,0.03125,1,0,0,approximate_centered_bootstrap
365,Caudate_Ca_L,410,0.336055052437727,4.59453863077399,0.717880109892841,row_020,1,0.03125,1,0,0,approximate_centered_bootstrap
366,Caudate_Ca_R,410,0.355002038384376,5.17985174724076,0.833716876515457,row_201,1,0.03125,1,0,0,approximate_centered_bootstrap
367,V_Striatum_L,410,1.16280619621692,7.88244376672378,0.949265003300558,row_030,1,0.03125,1,0,0,approximate_centered_bootstrap
368,V_Striatum_R,410,0.288704746501114,4.63309601908341,0.632528061196408,row_030,1,0.03125,1,0,0,approximate_centered_bootstrap
369,Putamen_Pp_L,410,0.34648688584875,5.00686083793782,0.763593240864675,row_129,1,0.03125,1,0,0,approximate_centered_bootstrap
370,Putamen_Pp_R,410,0.554220572130132,5.64878513151412,0.836913158039762,row_129,1,0.03125,1,0,0,approximate_centered_bootstrap
371,NAC_L,410,0.427082344266351,5.02919551336514,0.683084032357397,row_334,1,0.03125,1,0,0,approximate_centered_bootstrap
372,NAC_R,410,0.25879719318735,4.4408196050679,0.628348855637779,row_117,1,0.0625,1,0,0,approximate_centered_bootstrap
373,GPe_L,410,1.02303983647946,7.4767829380343,0.982002383784124,row_137,1,0.03125,1,0,0,approximate_centered_bootstrap
374,GPe_R,410,0.337996989540209,5.22602275010748,0.759589501576572,row_030,1,0.03125,1,0,0,approximate_centered_bootstrap
375,GPi_L,410,1.25762861253782,7.75773009483274,1.20333128706038,row_137,1,0.375,1,0,0,approximate_centered_bootstrap
376,GPi_R,410,0.415285179405222,5.12122855748714,0.61168348063589,row_326,1,0.0625,1,0,0,approximate_centered_bootstrap
377,STN_L,410,0.433507734045807,5.02483374519458,0.714211055908805,row_158,1,0.8125,1,0,0,approximate_centered_bootstrap
378,STN_R,410,0.746338623921127,6.66329634545169,0.866071007609133,row_034,1,0.09375,1,0,0,approximate_centered_bootstrap
379,VeP_L,410,1.37174145439417,8.15805760269105,0.98376152063334,row_279,1,0.15625,1,0,0,approximate_centered_bootstrap
380,VeP_R,410,0.730745016347978,4.98000003971886,0.743403009598492,row_364,1,0.09375,1,0,0,approximate_centered_bootstrap
381,Cau_L,410,0.307101768137348,4.40098379072758,0.620536120225768,row_306,1,0.03125,1,0,0,approximate_centered_bootstrap
382,Cau_R,410,1.30509273063518,8.1792563720271,1.10207079102681,row_030,1,0.03125,1,0,0,approximate_centered_bootstrap
383,BST_SLEA,410,0.486083601176458,5.1159806751292,0.722754960319165,row_256,1,0.03125,1,0,0,approximate_centered_bootstrap
384,Haben,410,0.364652172997384,4.53480522262224,0.638188530097209,row_378,1,0.03125,1,0,0,approximate_centered_bootstrap
385,Mamm_Nuc,410,0.473577015615263,5.48114075318844,0.71984525266982,row_118,1,0.15625,1,0,0,approximate_centered_bootstrap
386,Cblm_I_IV_L,410,0.43695839055423,6.03377570016356,0.77948532453641,row_400,1,0.0625,1,0,0,approximate_centered_bootstrap
387,Cblm_I_IV_R,410,0.669382847087766,5.86135014268383,0.929928265488458,row_403,1,0.0625,1,0,0,approximate_centered_bootstrap
388,Cblm_V_L,410,0.475696941468432,5.46269085647934,0.743000217948924,row_056,1,0.03125,1,0,0,approximate_centered_bootstrap
389,Cblm_V_R,410,0.586056884146984,5.92872597657948,0.837153380999326,row_233,1,0.03125,1,0,0,approximate_centered_bootstrap
390,Cblm_VI_L,410,0.48265123578228,5.99207500480954,0.92109989657709,row_020,1,0.03125,1,0,0,approximate_centered_bootstrap
391,Cblm_Vermis_VI,410,0.429469719523338,5.94136795712682,0.86965667333915,row_099,1,0.03125,1,0,0,approximate_centered_bootstrap
392,Cblm_VI_R,410,0.472543220612066,5.3829666854418,0.745853792952946,row_056,1,0.03125,1,0,0,approximate_centered_bootstrap
393,Cblm_CrusI_L,410,0.492526171094228,5.16868437307248,0.827595026390728,row_056,1,0.03125,1,0,0,approximate_centered_bootstrap
394,Cblm_Vermis_CrusI,410,0.474035011360369,5.33878135740715,0.750676610065486,row_154,1,0.03125,1,0,0,approximate_centered_bootstrap
395,Cblm_CrusI_R,410,1.2090378659531,7.51711228667108,0.985413493659142,row_302,1,0.03125,1,0,0,approximate_centered_bootstrap
396,Cblm_CrusII_L,410,0.678853198111812,5.86259820823308,0.825193138591288,row_234,1,0.03125,1,0,0,approximate_centered_bootstrap
397,Cblm_Vermis_CrusII,410,2.24866407192039,9.67427642718706,1.15794125481696,row_129,1,0.03125,1,0,0,approximate_centered_bootstrap
398,Cblm_CrusII_R,410,1.09086911873349,7.58723431549441,0.85237921258817,row_200,1,0.03125,1,0,0,approximate_centered_bootstrap
399,Cblm_VIIb_L,410,0.449476447636926,5.545082056032,0.747051833928175,row_291,1,0.03125,1,0,0,approximate_centered_bootstrap
400,Cblm_Vermis_VIIb,410,0.525113087219956,5.47702550252036,0.825935445544005,row_099,1,0.1875,1,0,0,approximate_centered_bootstrap
401,Cblm_VIIb_R,410,0.720243235172732,6.11213448271074,0.775157474853022,row_128,1,0.03125,1,0,0,approximate_centered_bootstrap
402,Cblm_VIIIa_L,410,0.569578832360246,5.67033013765421,0.761486633702495,row_099,1,0.03125,1,0,0,approximate_centered_bootstrap
403,Cblm_Vermis_VIIIa,410,1.00267282303681,6.99971093822479,0.787716019469783,row_129,1,0.15625,1,0,0,approximate_centered_bootstrap
404,Cblm_VIIIa_R,410,1.08147930603457,6.99070995833114,0.922331027292562,row_200,1,0.03125,1,0,0,approximate_centered_bootstrap
405,Cblm_VIIIb_L,410,0.560463931469152,5.83969679158966,0.740409770861539,row_117,1,0.03125,1,0,0,approximate_centered_bootstrap
406,Cblm_Vermis_VIIIb,410,0.99241934593204,7.29490432757164,0.935379354611609,row_200,1,0.3125,1,0,0,approximate_centered_bootstrap
407,Cblm_VIIIb_R,410,0.536209980188886,5.72033679847922,0.993048377311008,row_302,1,0.03125,1,0,0,approximate_centered_bootstrap
408,Cblm_IX_L,410,1.37318672163448,8.26398567263047,1.47114037354673,row_129,1,0.03125,1,0,0,approximate_centered_bootstrap
409,Cblm_Vermis_IX,410,0.66335553013439,6.77937978728645,0.823116240260543,row_200,1,0.03125,1,0,0,approximate_centered_bootstrap
410,Cblm_IX_R,410,0.480212682736566,6.29762026727054,1.03742017571191,row_129,1,0.03125,1,0,0,approximate_centered_bootstrap
411,Cblm_X_L,410,0.477273720295927,4.9701506149875,0.586199944462261,row_255,1,0.03125,1,0,0,approximate_centered_bootstrap
412,Cblm_Vermis_X,410,0.499360447462394,6.00809846260395,0.916021519854445,row_129,1,0.65625,1,0,0,approximate_centered_bootstrap
413,Cblm_X_R,410,0.406666324452108,5.24419044140283,0.709706980960242,row_257,1,0.0625,1,0,0,approximate_centered_bootstrap
414,Cblm_Dentate_L,410,0.63008648421674,6.46384220611708,0.908341199482633,row_403,1,0.09375,1,0,0,approximate_centered_bootstrap
415,Cblm_Dentate_R,410,0.488595909173824,5.5871082928401,0.755261507401665,row_030,1,0.3125,1,0,0,approximate_centered_bootstrap
416,Cblm_Interposed_L,410,0.713334905392625,6.38042810938377,1.21383458469488,row_103,1,0.625,1,0,0,approximate_centered_bootstrap
417,Cblm_Interposed_R,410,0.448844825381234,6.70491248111043,0.989445204216272,row_129,1,0.15625,1,0,0,approximate_centered_bootstrap
418,Cblm_Fastigial_L,410,0.360900235993608,4.53335235945712,0.765997987353366,row_255,1,0.75,1,0,0,approximate_centered_bootstrap
419,Cblm_Fastigial_R,410,0.407742202178735,4.46880638628804,0.600548231360427,row_313,1,0.21875,1,0,0,approximate_centered_bootstrap
420,Thal_Pulv,410,2.17210318399888,9.70299237627366,1.50241321281582,row_334,1,0.03125,1,0,0,approximate_centered_bootstrap
421,Thal_LGN,410,0.63174075795149,5.31111436130045,0.798953613757283,row_203,1,0.0625,1,0,0,approximate_centered_bootstrap
422,Thal_MGN,410,1.45992242188814,8.31167297483476,1.07623283936874,row_232,1,0.09375,1,0,0,approximate_centered_bootstrap
423,Thal_VPL,410,1.09896296786716,8.36415831363065,1.24034723829755,row_030,1,0.03125,1,0,0,approximate_centered_bootstrap
424,Thal_VPM,410,0.254377296524903,5.00404077645068,0.627276023404862,row_325,1,0.53125,1,0,0,approximate_centered_bootstrap
425,Thal_Intralam,410,1.4668047014616,8.57845881582715,1.22531289037199,row_030,1,0.03125,1,0,0,approximate_centered_bootstrap
426,Thal_Midline,410,0.275109474674727,4.46107601420333,0.62996860285882,row_060,1,0.25,1,0,0,approximate_centered_bootstrap
427,Thal_LD,410,0.480583323328541,5.71565162486956,0.840210870941069,row_030,1,0.09375,1,0,0,approximate_centered_bootstrap
428,Thal_VL,410,1.72544746069967,8.94213834562988,1.36837533726247,row_030,1,0.03125,1,0,0,approximate_centered_bootstrap
429,Thal_LP,410,0.581058933319114,7.05241471817865,0.978312582986551,row_030,1,0.03125,1,0,0,approximate_centered_bootstrap
430,Thal_VA,410,1.85293530366608,9.01789914372172,1.42601906367038,row_030,1,0.03125,1,0,0,approximate_centered_bootstrap
431,Thal_VM,410,0.456121572243973,5.56873117127617,0.922451672226067,row_030,1,0.40625,1,0,0,approximate_centered_bootstrap
432,Thal_MD,410,1.0428203580289,8.21801390225641,1.0803592606667,row_030,1,0.03125,1,0,0,approximate_centered_bootstrap
433,Thal_AM,410,0.405185099748526,5.52119707509936,0.724069467561609,row_030,1,0.0625,1,0,0,approximate_centered_bootstrap
434,Thal_AV,410,1.95103649152814,9.30498127171261,1.27762876394024,row_030,1,0.03125,1,0,0,approximate_centered_bootstrap
435,Thal_Hb,410,0.334842632098319,4.80241291584988,0.656446624479936,row_117,1,0.0625,1,0,0,approximate_centered_bootstrap
436,Thal_Hythal,410,0.443878870702866,5.46917727373161,0.838863427399261,row_096,1,0.03125,1,0,0,approximate_centered_bootstrap
437,Bstem_Midbd_L,410,1.1347445344594,7.99530810166662,0.934796058294317,row_228,1,0.03125,1,0,0,approximate_centered_bootstrap
438,Bstem_Midb_L,410,1.43828426197912,8.80696359068101,1.10124462553516,row_118,1,0.78125,1,0,0,approximate_centered_bootstrap
439,Bstem_Midbrv_R,410,0.426179614341698,5.40804414581305,0.685742532943747,row_270,1,0.03125,1,0,0,approximate_centered_bootstrap
440,Bstem_Midbd_R,410,1.58750864771885,8.62394402340995,1.09399227692274,row_203,1,0.03125,1,0,0,approximate_centered_bootstrap
441,Bstem_Midb_R,410,0.817746020394774,6.44342497619412,0.960559131316455,row_118,1,0.625,1,0,0,approximate_centered_bootstrap
442,Bstem_Ponsrd_L,410,0.357442629619618,5.52243153049432,0.678958399161841,row_203,1,0.5625,1,0,0,approximate_centered_bootstrap
443,Bstem_Ponscd_L,410,0.559445872699049,6.14466087046513,0.876588961517787,row_334,1,0.09375,1,0,0,approximate_centered_bootstrap
444,Bstem_Pons_L,410,0.748251229877863,6.14453549543976,0.932079385531937,row_275,1,0.0625,1,0,0,approximate_centered_bootstrap
445,Bstem_Pons_R,410,0.932519875492595,6.95858633777033,0.841776805493218,row_403,1,0.03125,1,0,0,approximate_centered_bootstrap
446,Bstem_Ponscv_R,410,0.456177984604605,5.49470238534001,0.684519923312974,row_053,1,0.4375,1,0,0,approximate_centered_bootstrap
447,Bstem_Ponscd,410,0.495349354498079,5.6001762466418,0.756897214940811,row_203,1,0.03125,1,0,0,approximate_centered_bootstrap
448,Bstem_Med_L,410,0.384130721860002,5.48984507912367,0.720437587069537,row_099,1,0.21875,1,0,0,approximate_centered_bootstrap
449,Bstem_Med_R,410,0.959438715159038,7.17126531643564,1.0733220353012,row_030,1,0.1875,1,0,0,approximate_centered_bootstrap
450,Bstem_PAG,410,0.666296454871635,5.32338851319828,0.842593795037208,row_118,1,0.125,1,0,0,approximate_centered_bootstrap
451,Bstem_SC_R,410,0.347006342046443,5.42544615167255,0.702568141043109,row_099,1,0.15625,1,0,0,approximate_centered_bootstrap
452,Bstem_SC_L,410,0.992106561509608,7.04546964996953,1.08098278352942,row_218,1,0.375,1,0,0,approximate_centered_bootstrap
453,Bstem_IC_R,410,0.303179606576759,4.31992454135857,0.631091763993275,row_383,1,0.25,1,0,0,approximate_centered_bootstrap
454,IC_L,410,0.490215634545985,4.9402311388915,0.63205207693264,row_277,1,0.75,1,0,0,approximate_centered_bootstrap
455,Dorsal_raphe_DR,410,0.823539382857988,6.32817372069642,0.870383583864585,row_076,1,0.375,1,0,0,approximate_centered_bootstrap
456,Median_raphe_MR_R,410,0.365621296322457,3.94253603773901,0.733253579287471,row_149,1,0.875,1,0,0,approximate_centered_bootstrap
457,PBP_L,410,0.431986047593809,5.33783632694254,0.702732128781991,row_118,1,0.53125,1,0,0,approximate_centered_bootstrap
458,PBP_R,410,0.358925605353947,5.12869801636742,0.715379027595032,row_034,1,0.28125,1,0,0,approximate_centered_bootstrap
459,sn_L,410,0.357539565106652,4.33907972995481,0.621115898176199,row_034,1,0.28125,1,0,0,approximate_centered_bootstrap
460,sn_R,410,0.707994583277194,6.32883882749176,0.933758927937405,row_064,1,0.0625,1,0,0,approximate_centered_bootstrap
461,VTA_R,410,0.267411338126669,4.58744682331721,0.641498998014713,row_080,1,0.65625,1,0,0,approximate_centered_bootstrap
462,VTA_L,410,3.0254142602296,10.870726509139,1.79763386713138,row_386,1,0.375,1,0,0,approximate_centered_bootstrap
463,rn_L,410,0.348612535857429,4.5477182106348,0.685574216322113,row_150,1,0.5625,1,0,0,approximate_centered_bootstrap
464,rn_R,410,0.644232943367715,6.01163830323381,0.913935352059839,row_150,1,0.03125,1,0,0,approximate_centered_bootstrap
465,pbn_R,410,0.46263837317582,4.94984456256642,0.742305880454448,row_001,1,0.78125,1,0,0,approximate_centered_bootstrap
466,pbn_L,410,0.32686620578326,4.69059021200835,0.642371807684696,row_369,1,0.5,1,0,0,approximate_centered_bootstrap
467,lc_R,410,0.405546342465493,4.46197268711656,0.733367887077886,row_001,1,0.9375,1,0,0,approximate_centered_bootstrap
468,lc_L,410,1.01278224873387,7.22989522020885,1.09429038128146,row_334,1,0.59375,1,0,0,approximate_centered_bootstrap
469,rvm_R,410,0.504772937272836,5.237511686172,0.950341767280983,row_129,1,0.15625,1,0,0,approximate_centered_bootstrap
470,nrm,410,0.467185200946325,4.78215340869149,0.727708680276075,row_244,1,0.34375,1,0,0,approximate_centered_bootstrap
471,dmnx_nts_R,405,0.749337260498949,6.21703416248795,0.907926209346991,row_030,1,0.40625,1,0,0,approximate_centered_bootstrap
472,dmnx_nts_L,407,1.04407683733905,7.87802360627677,1.25577276468211,row_099,1,0.9375,1,0,0,approximate_centered_bootstrap
473,ncf_R,410,0.419029532755112,4.30288211003631,0.694012321447338,row_118,1,0.03125,1,0,0,approximate_centered_bootstrap
474,ncf_L,410,0.302715771912965,4.7616963647074,0.641003993594096,row_034,1,0.09375,1,0,0,approximate_centered_bootstrap
475,ncs_B6_B8,410,0.432758926073274,5.62655944085911,0.632437530333061,row_405,1,0.34375,1,0,0,approximate_centered_bootstrap
476,nrp_B5,410,0.372859779793914,4.56919134746925,0.646876290044839,row_383,1,0.1875,1,0,0,approximate_centered_bootstrap
477,nuc_ambiguus_R,402,0.880293403208178,7.36775664024,1.05245619088238,row_076,1,0.9375,1,0,0,approximate_centered_bootstrap
478,medullary_raphe,410,0.468462200855009,5.50766387699792,0.750452853685991,row_277,1,0.46875,1,0,0,approximate_centered_bootstrap
479,spinal_trigeminal_R,410,0.653883946440792,6.11246536925006,1.04072045221055,row_099,1,0.28125,1,0,0,approximate_centered_bootstrap
480,spinal_trigeminal_L,410,0.65709268783392,6.16861016827019,1.05993571735668,row_236,1,0.46875,1,0,0,approximate_centered_bootstrap
481,CA2_Hippocampus_,410,0.430568283955915,5.23805079539662,0.728527122992073,row_099,1,0.15625,1,0,0,approximate_centered_bootstrap
482,Amygdala_CM_,410,0.405747848926545,4.47296380779181,0.660798389855571,row_209,1,0.0625,1,0,0,approximate_centered_bootstrap
483,DG_Hippocampus_,410,0.427287762869654,5.02252820072065,0.641072984084253,row_056,1,0.53125,1,0,0,approximate_centered_bootstrap
484,Amygdala_SF_,410,0.357705995277575,5.28331106148397,0.740155910896912,row_129,1,0.03125,1,0,0,approximate_centered_bootstrap
485,CA3_Hippocampus_,410,0.581914764629713,4.56747938978608,0.663843262805354,row_277,1,0.75,1,0,0,approximate_centered_bootstrap
486,Amygdala_AStr_,410,0.360977112097846,4.91228300164717,0.66342197316704,row_020,1,0.125,1,0,0,approximate_centered_bootstrap
487,Amygdala_LB_,410,0.485178883893827,6.19628582051978,0.798602648740895,row_030,1,0.03125,1,0,0,approximate_centered_bootstrap
488,CA1_Hippocampus_,410,0.317866753750699,4.60075993479294,0.709371146490927,row_034,1,0.3125,1,0,0,approximate_centered_bootstrap
489,Subiculum,410,0.364067714179543,4.77105111451837,0.683140800789493,row_275,1,0.0625,1,0,0,approximate_centered_bootstrap
